,population,populationRank,populationPercentOfState,populationPercentOfStateRank,populationChangeSince2014,populationChangeSince2014Rank,populationChangeSince2014Number,populationChangeSince2014NumberRank,medianAge,medianAgeRank,medianAgeChangePercent,under18ChangeRank,under18Percent,under18Rank,under18ChangeSince2014Percent,under18ChangeSince2014Rank,over65in2024Percent,over65in2024Rank,over65ChangeSince2014Percent,over65ChangeSince2014Rank,veteranPercent,veteranRank,veteranNumber,veteranNumberRank,agriculturalLandAcres,agriculturalLandRank,agriculturalLandChangeSince2017Percent,agriculturalLandChangeSince2017Rank,numberOfFarms,numberOfFarmsRank,numberOfFarmsChangeSince2017Percent,numberOfFarmsChangeSince2017Rank,broadbandInternetAccess2022Percent,broadbandInternetAccessPercent2022Rank,broadbandInternetAccess2019Percent,broadbandInternetAccessPercent2019Rank,computingDeviceAccess2022Percent,computingDeviceAccess2022PercentRank,computingDeviceAccess2019Percent,computingDeviceAccess2019PercentRank,childPovertyPercent,childPovertyPercentRank,childPovertyTotal,childPovertyTotalRank,averageWeeklyWage,averageWeeklyWageRank,averageWeeklyWageAsPercentofStateAverage,averageWeeklyWageAsPercentofStateAverageRank,perCapitaIncome,perCapitaIncomeRank,perCapitaIncomeAsPercentofStatePCI,perCapitaIncomeAsPercentofStatePCIRank,gdp2022,gdp2022Rank,Gdp2021,gdp2021Rank,preKEnrollment2023Percent,preKEnrollment2023PercentRank,preKEnrollment2022Percent,preKEnrollment2022PercentRank,k12FundingADM,k12FundingADMRank,k12Funding,k12FundingRank,youthOpportunity2022Percent,youthOpportunity2022PercentRank,youthOpportunity2019Percent,youthOpportunity2019PercentRank,adultsWithoutHSDiplomaPercent,adultsWithoutHSDiplomaPercentRank,adultsWithoutHSDiplomaTotal,adultsWithoutHSDiplomaTotalRank,educationalAttainmentPercent,educationalAttainmentPercentRank,educationalAttainmentNumber,educationalAttainmentGoal2030,foodInsecurity2022Percent,foodInsecurity2022PercentRank,foodInsecurity2021Percent,foodInsecurity2021PercentRank,medicaidEnrollmentTraditionalPercent,medicaidEnrollmentTraditionalPercentRank,medicaidEnrollmentTraditionalNumber,medicaidEnrollmentTraditionalNumberRank,medicaidEnrollmentExpansionPercent,medicaidEnrollmentExpansionPercentRank,medicaidEnrollmentExpansionNumber,medicaidEnrollmentExpansionNumberRank,uninsuredResidents2021Percent,uninsuredResidents2021PercentRank,uninsuredResidents2020Percent,uninsuredResidents2020PercentRank,drugOverdoseEmergenciesPerHundredThousand,drugOverdoseEmergenciesPerHundredThousandRank,drugOverdoseEmergenciesTotal,drugOverdoseEmergenciesTotalRank,overDoseDeathsPerHundredThousand,overDoseDeathsRank,overDoseDeathsTotal,overDoseDeathsTotalRank,propertyTaxRate,propertyTaxRateRank,propertyTaxLevy,propertyTaxLevyRank,propertyTaxPerCapita,propertyTaxPerCapitaRank,propertyTaxTotalLevy,propertyTaxTotalLevyRank,PropertyValuationPerCapita,PropertyValuationPerCapitaRank,PropertyValuationTotal,PropertyValuationTotalRank,puvDeferredShare,puvDeferredShareRank,puvValuationDeferred,puvValuationDeferredRank,localSalesTaxRate,Area (Square Mile),demVotePercent2000,repVotePercent2000,demVotePercent2004,repVotePercent2004,demVotePercent2008,repVotePercent2008,demVotePercent2012,repVotePercent2012,demVotePercent2016,repVotePercent2016,demVotePercent2020,repVotePercent2020,demVotePercent2024,repVotePercent2024
Alamance,184114,15,0.0168,15,0.1836,13,28556,13,40.2239,70,0.9062,55,0.2051,38,0.2267,31,0.1908,74,0.1588,70,0.0514,82,9461,22,68769,51,-0.1408,75,724,21,0.0056,24,0.8600,32,0.7760,42,0.8229,28,0.7946,33,0.1500,16,5692,82,978,29,0.7750,29,48980,45,0.8429,45,6674.7130,18,6674.6940,18,0.4744,75,0.4640,76,"1,970.6644",49,48.8272,16,0.1249,39,0.1011,21,0.1107,52,4646,87,0.4768,30,20008,25925,0.1430,23,0.1140,22,0.3120,49,56595,88,0.0728,23,7674,83,0.1400,65,0.1450,65,168,62,284,86,34,31,58,78,0.4690,18,0.4320,13,601.3887,91,109.0883,20,139210.3498,45,25251.9222,16,0.0206,83,442.1605,25,0.0675,423.5000,0.373342742280387,0.626657257719613,0.383159220567534,0.616840779432466,0.453423648023582,0.546576351976418,0.430680885972108,0.569319114027892,0.434579303111525,0.565420696888475,0.457405072984531,0.542594927015469,0.458712074163571,0.541287925836429
Alexander,36464,67,0.0033,67,-0.0097,63,-359,63,44.2254,33,1.7993,25,0.1844,68,0.2082,65,0.2163,47,0.1771,49,0.0535,77,1950,72,50799,69,-0.0618,57,535,32,-0.0165,30,0.8360,42,0.7400,55,0.7722,54,0.7442,57,0.2090,47,1467,39,841,85,0.6664,85,48035,55,0.8266,55,884.3990,71,843.8640,71,0.3487,88,0.3383,93,"1,734.0132",59,7.3834,65,0.1670,72,0.1631,71,0.1145,54,990,40,0.3691,75,3191,4753,0.1490,34,0.1160,23,0.2940,39,10686,34,0.0834,40,1790,36,0.1290,41,0.1250,26,163,60,61,41,29,23,11,26,0.6500,58,0.6700,55,744.9968,65,27.0829,68,111193.5448,63,4042.2189,69,0.0760,34,272.1266,56,0.0700,260.0000,0.310710023866348,0.689289976133652,0.297053904541361,0.702946095458639,0.304711918381789,0.695288081618211,0.273422675521822,0.726577324478178,0.213306908267271,0.786693091732729,0.206908600808666,0.793091399191334,0.198397185301016,0.801602814698984
Alleghany,11464,93,0.0010,93,0.0494,54,540,54,45.9308,22,-1.0352,91,0.1675,83,0.1850,87,0.2668,18,0.2405,11,0.0725,31,831,94,63298,59,-0.1033,65,435,40,-0.0290,36,0.7920,69,0.7640,46,0.7166,78,0.7248,69,0.2530,72,458,8,779,96,0.6173,96,44464,80,0.7652,80,302.9810,90,303.3260,90,1.1270,14,0.9863,14,"2,170.7882",39,2.8589,83,0.1432,55,0.1597,66,0.2228,97,503,22,0.3773,70,852,1066,0.1800,93,0.1580,93,0.3109,47,3552,9,0.0921,56,562,8,0.1840,95,0.1700,89,135,48,15,15,45,57,5,10,0.5970,44,0.5970,36,1093.0464,16,12.4891,89,183089.8556,24,2091.9847,85,0.1708,8,366.6975,37,0.0700,234.8000,0.40390956194065,0.59609043805935,0.4,0.6,0.392808551992225,0.607191448007775,0.318318922179771,0.681681077820229,0.255078125,0.744921875,0.247131215699318,0.752868784300682,0.238302502720348,0.761697497279652
Anson,22059,75,0.0020,75,-0.1225,90,-3079,90,40.2914,69,0.3155,78,0.2108,28,0.2104,58,0.1949,71,0.1630,62,0.0633,43,1396,77,84695,39,-0.0074,42,421,43,0.0218,18,0.8340,43,0.7460,52,0.7123,79,0.6907,80,0.3260,94,1395,38,857,73,0.6791,73,50187,37,0.8637,37,836.6970,72,761.8180,76,0.6095,59,1.0131,13,null,null,null,null,0.1033,24,0.1552,62,0.1399,78,791,35,0.2314,100,1308,3185,0.1610,62,0.1250,39,0.4601,91,10163,33,0.1418,94,1754,35,0.1300,44,0.1280,33,160,57,39,31,29,21,7,18,0.7770,82,0.7770,78,783.9741,55,17.3156,80,100897.5611,75,2228.5244,82,0.2062,3,346.2923,38,0.0700,531.5000,0.602539922041997,0.397460077958003,0.587794548810946,0.412205451189054,0.605458126230892,0.394541873769108,0.627536879749665,0.372463120250335,0.565267727930535,0.434732272069465,0.521062106210621,0.478937893789379,0.487381703470032,0.512618296529968
Ashe,27196,73,0.0025,73,0.0193,55,514,55,48.3449,12,1.8653,23,0.1670,86,0.1886,81,0.2710,15,0.2291,15,0.0553,70,1503,74,84498,40,-0.2304,88,760,17,-0.1204,65,0.7940,65,0.7040,70,0.7858,48,0.7392,59,0.2060,45,911,24,859,71,0.6807,71,44433,81,0.7646,81,777.8080,76,763.3590,75,0.7879,33,1.2952,3,"2,390.4920",29,6.2966,67,0.0554,9,0.0561,4,0.0904,36,516,24,0.4385,42,2504,4133,0.1620,64,0.1310,50,0.2791,32,7528,26,0.0797,31,1167,22,0.1370,57,0.1380,57,96,28,26,25,26,17,7,18,0.4400,14,0.4400,14,977.1610,27,26.3589,70,222082.0430,10,5990.6631,55,0.0750,35,428.7048,29,0.0700,426.3000,0.391814008010159,0.608185991989841,0.38040615175461,0.61959384824539,0.380982170785111,0.619017829214889,0.33306360252468,0.66693639747532,0.271065675340768,0.728934324659232,0.266666666666667,0.733333333333333,0.275902864259029,0.724097135740971
Avery,17395,84,0.0016,84,-0.0201,62,-357,62,46.1265,20,2.2736,14,0.1526,96,0.1616,99,0.2364,32,0.1986,26,0.0513,83,892,92,22598,87,-0.2120,86,335,55,-0.0456,41,0.8110,50,0.7090,69,0.7786,50,0.7323,65,0.2050,44,502,10,808,94,0.6403,94,45653,69,0.7856,69,630.1700,80,631.5710,79,0.7561,36,0.8537,29,"2,889.2456",18,5.4000,73,0.0551,6,0.0587,6,0.1234,62,538,26,0.3872,66,1688,1782,0.1530,39,0.1310,50,0.2515,20,4374,11,0.0666,20,726,13,0.1550,80,0.1630,87,103,32,18,19,29,19,5,10,0.4000,9,0.4000,9,1411.8773,5,24.5582,74,352969.3138,2,6139.5482,54,0.0184,87,105.4974,92,0.0675,247.3000,0.253839205058717,0.746160794941283,0.241213417078712,0.758786582921288,0.277134495482886,0.722865504517114,0.246077405857741,0.753922594142259,0.211468636534368,0.788531363465632,0.234006194595749,0.765993805404251,0.236145090947772,0.763854909052228
Beaufort,43593,58,0.0040,58,-0.0608,87,-2822,87,46.1004,21,1.3820,38,0.1912,62,0.2135,52,0.2690,17,0.2168,20,0.0736,27,3207,50,139853,14,0.0027,38,259,66,-0.1645,81,0.8110,50,0.6930,77,0.7756,52,0.7359,63,0.2820,82,2374,50,906,44,0.7179,44,54554,25,0.9388,25,1861.6360,49,1876.2830,47,0.5159,69,0.4664,75,"2,589.9406",23,15.5785,40,0.1857,88,0.1354,47,0.1211,60,1123,42,0.4051,60,3755,5588,0.1570,50,0.1320,55,0.3677,73,16100,45,0.1136,83,2666,46,0.1380,61,0.1370,55,81,22,38,30,51,73,24,53,0.6250,52,0.6250,44,921.1172,37,40.3311,54,147378.7443,38,6452.9783,51,0.0623,40,273.8116,53,0.0675,832.7000,0.386484124672298,0.613515875327702,0.361052577478542,0.638947422521458,0.412586191847779,0.587413808152221,0.402998462327012,0.597001537672988,0.376024370360836,0.623975629639164,0.372314761631246,0.627685238368754,0.343480736382615,0.656519263617385
Bertie,16739,85,0.0015,85,-0.1525,89,-3011,89,40.6010,68,-1.3840,94,0.1945,55,0.1998,71,0.2121,51,0.1810,41,0.0648,40,1085,86,161862,8,0.0928,20,288,59,-0.1084,59,0.6370,99,0.5820,96,0.6940,88,0.6346,93,0.3490,96,996,26,812,93,0.6434,93,49409,43,0.8503,43,641.2690,78,629.4950,80,0.7935,32,0.8911,24,"1,851.7865",54,3.0277,79,0.1854,87,0.1846,87,0.1683,92,726,31,0.3683,77,1589,2372,0.1600,57,0.1410,75,0.4360,85,7342,24,0.1150,85,1103,20,0.1170,12,0.1140,7,69,10,13,12,32,27,6,14,0.9300,98,0.8650,95,765.3820,60,12.8883,87,88483.4709,87,1489.9732,94,0.1570,11,188.0740,75,0.0700,699.2000,0.651930609960828,0.348069390039172,0.617636022514071,0.382363977485929,0.653423673134175,0.346576326865825,0.66405475104146,0.33594524895854,0.625730994152047,0.374269005847953,0.608753587535875,0.391246412464125,0.578901195306503,0.421098804693497
Bladen,28850,72,0.0026,72,-0.1218,91,-4001,91,38.2589,84,-2.4802,98,0.2230,17,0.2246,35,0.1952,70,0.1771,48,0.0728,28,2101,71,146195,11,-0.1893,81,423,42,-0.1738,82,0.8040,58,0.7020,73,0.6953,87,0.7015,79,0.2750,79,1599,40,884,57,0.7005,57,48424,52,0.8333,52,1413.7950,63,1415.8020,64,0.9734,18,0.8716,27,"1,739.1327",58,8.0226,64,0.2067,96,0.2241,97,0.0879,31,565,27,0.3607,80,2319,4501,0.1750,88,0.1470,85,0.4630,93,13382,41,0.1192,87,1953,39,0.1450,71,0.1550,81,208,82,68,44,58,84,19,38,0.7850,83,0.7850,79,963.3205,28,27.8419,67,122715.9842,57,3546.7374,73,0.0956,24,243.2074,59,0.0675,875.0000,0.541965764770845,0.458034235229155,0.497354066596108,0.502645933403892,0.51043223919402,0.48956776080598,0.509930423782416,0.490069576217584,0.452203997949769,0.547796002050231,0.430890483472533,0.569109516527467,0.397478234764335,0.602521765235665
Brunswick,166886,19,0.0152,19,0.4452,5,51407,5,53.5000,1,4.2242,2,0.1394,99,0.1772,91,0.3252,3,0.2672,5,0.0870,14,14521,10,45150,72,0.0102,34,238,70,0.0303,17,0.9260,5,0.8450,12,0.9008,3,0.8703,11,0.1650,27,3441,67,951,32,0.7536,32,58281,16,1.0030,16,5646.9570,20,5377.1030,20,0.5195,67,0.4935,70,"3,693.9964",6,54.4310,14,0.1241,38,0.1515,60,0.0811,28,2077,61,0.4827,28,12365,22373,0.1350,17,0.1120,19,0.2242,12,35875,76,0.0814,33,6725,79,0.1220,21,0.1170,11,77,18,110,58,46,59,65,80,0.3420,5,0.3420,5,1075.4874,18,172.1017,15,314470.0100,4,50322.1199,7,0.0136,90,619.8556,16,0.0675,850.1000,0.459555088456823,0.540444911543177,0.393967431532198,0.606032568467802,0.409549957760541,0.590450042239459,0.388122787552174,0.611877212447826,0.352746886457986,0.647253113542014,0.373598026020637,0.626401973979363,0.374781684609343,0.625218315390657
Buncombe,279331,7,0.0254,7,0.1068,14,26947,14,44.0394,36,2.3936,12,0.1688,82,0.1946,77,0.2266,38,0.1798,42,0.0630,44,17589,7,78245,45,0.0825,21,1074,3,0.0009,28,0.8560,35,0.8160,21,0.8261,27,0.8173,24,0.1540,19,7209,88,1076,11,0.8526,11,61560,10,1.0594,10,15336.6160,7,14891.7100,7,0.4622,78,0.4104,83,"3,907.7526",4,113.2740,7,0.1137,28,0.1154,24,0.0717,18,5303,93,0.6035,9,44626,57403,0.1450,26,0.1190,29,0.2393,15,66131,91,0.0746,25,12316,93,0.1260,31,0.1450,65,199,77,520,93,58,82,151,94,0.5176,25,0.4980,19,924.9219,36,255.6179,6,185727.2965,21,51328.8958,5,0.0188,86,843.4981,10,0.0700,656.5000,0.455367058100796,0.544632941899204,0.497015111298498,0.502984888701502,0.57046068243188,0.42953931756812,0.563530312943842,0.436469687056158,0.57523176384484,0.42476823615516,0.607291397937418,0.392708602062582,0.625718235898477,0.374281764101523
Burke,89581,33,0.0082,33,0.0232,45,2034,45,43.4437,42,0.6035,66,0.1904,63,0.2103,59,0.2234,40,0.1827,36,0.0583,58,5221,35,44077,73,0.1407,15,473,38,-0.0689,46,0.7970,62,0.7190,65,0.7607,59,0.7089,77,0.1850,34,2780,55,886,56,0.7021,56,44631,78,0.7681,78,2615.8330,37,2598.4720,37,0.7598,35,0.6393,53,"1,567.9295",66,18.5000,37,0.1820,81,0.2216,96,0.1418,80,2911,76,0.4074,58,8363,9970,0.1720,85,0.1500,90,0.3343,60,29814,72,0.1099,80,5505,75,0.1460,74,0.1510,76,272,93,246,81,44,56,40,71,0.5600,32,0.5600,28,657.3756,82,58.6241,40,117388.5038,59,10468.5894,36,0.0210,82,180.2309,77,0.0675,506.2000,0.392365909838763,0.607634090161237,0.382642740619902,0.617357259380098,0.402697078615247,0.597302921384753,0.380921930604982,0.619078069395018,0.300114700312092,0.699885299687908,0.29721095679362,0.70278904320638,0.292321924144311,0.707678075855689
Cabarrus,248866,10,0.0227,10,0.2846,4,55137,4,39.6032,76,1.8251,24,0.2180,22,0.2584,7,0.1477,93,0.1228,89,0.0450,96,11198,15,64227,55,0.0088,36,630,25,0.0016,26,0.9050,14,0.8870,4,0.8844,12,0.8836,5,0.0990,4,5721,83,1008,21,0.7987,21,54754,24,0.9423,24,8667.4280,14,8456.9890,14,0.4731,76,0.3784,86,"2,306.6178",33,97.4984,9,0.1383,48,0.1286,38,0.0718,19,4383,85,0.5884,11,35925,49862,0.1150,3,0.0890,3,0.2459,18,59993,89,0.0647,16,9640,89,0.1080,5,0.1160,10,155,55,336,88,34,31,74,84,0.5760,36,0.7400,71,982.4706,26,239.6658,7,132766.2920,52,32387.2748,12,0.0331,72,896.7468,9,0.0700,361.2000,0.332407936637544,0.667592063362456,0.326873875509631,0.673126124490369,0.407202788176068,0.592797211823932,0.398623886610198,0.601376113389802,0.39759346317439,0.60240653682561,0.452014315548662,0.547985684451338,0.460876184032476,0.539123815967524
Caldwell,81884,35,0.0075,35,0.0075,53,608,53,43.8779,40,1.0335,50,0.1863,66,0.2101,61,0.2125,49,0.1762,50,0.0574,64,4703,39,35964,79,-0.0534,55,430,41,0.0462,16,0.8320,45,0.7810,39,0.7437,72,0.7451,56,0.2390,67,3682,71,939,33,0.7441,33,44761,77,0.7703,77,2388.1490,42,2394.2540,42,0.6156,57,0.5918,59,"1,401.9134",74,14.8000,45,0.1670,70,0.1618,69,0.1273,69,2273,66,0.3836,68,6847,10959,0.1600,57,0.1350,62,0.3607,71,29492,70,0.1016,73,4852,70,0.1380,61,0.1430,61,257,92,211,76,44,55,36,65,0.6300,54,0.6300,46,677.2034,78,55.3688,42,107492.6051,69,8788.7029,42,0.0432,59,273.1837,54,0.0675,471.9000,0.331263259402122,0.668736740597878,0.320634920634921,0.679365079365079,0.349091224318779,0.650908775681221,0.319336595657397,0.680663404342603,0.240398333618673,0.759601666381327,0.241832688131432,0.758167311868568,0.235106013208203,0.764893986791797
Camden,11291,94,0.0010,94,0.1261,49,1264,49,42.6738,50,0.8151,59,0.1818,70,0.2184,46,0.1875,77,0.1499,76,0.1080,7,1219,83,54621,65,-0.0780,61,76,95,-0.0617,44,0.9290,3,0.8620,9,0.8931,6,0.8729,8,0.0920,3,230,3,929,34,0.7361,34,56906,19,0.9793,19,171.9780,99,174.1400,99,2.1600,1,1.7419,1,"1,561.6866",67,3.0000,80,0.0987,22,0.1279,37,0.0509,3,130,2,0.5552,15,1419,1683,0.1200,5,0.0940,6,0.1739,5,1924,3,0.0450,5,310,3,0.1230,24,0.1350,48,92,25,10,6,37,40,4,7,0.7300,72,0.7300,64,1125.6164,15,12.4538,90,154194.0216,32,1706.0027,92,0.1213,18,202.4763,71,0.0675,240.3000,0.421669626998224,0.578330373001776,0.350615344330977,0.649384655669023,0.337133206670889,0.662866793329111,0.326619016677496,0.673380983322504,0.264315352697095,0.735684647302905,0.262779962386733,0.737220037613267,0.243988457839051,0.756011542160949
Carteret,70822,39,0.0064,39,0.0398,42,2709,42,48.8775,10,1.7354,27,0.1548,94,0.1785,89,0.2758,13,0.2216,18,0.1136,5,8045,27,60950,62,-0.0289,48,94,92,-0.4051,98,0.9110,12,0.8460,11,0.8560,18,0.8525,14,0.1700,30,1935,46,846,80,0.6704,80,63531,8,1.0933,8,2554.5880,39,2559.2030,38,0.9703,20,1.0927,7,"3,399.0331",12,27.4200,27,0.1181,32,0.1273,35,0.0608,11,859,39,0.5459,17,7716,11750,0.1460,28,0.1170,27,0.2337,13,16429,46,0.0812,32,3130,54,0.1270,37,0.1170,11,181,66,126,63,56,79,39,70,0.3400,4,0.3400,4,850.9785,44,59.8187,38,250287.8031,8,17593.7308,24,0.0063,96,97.5142,95,0.0675,507.6000,0.337109077040427,0.662890922959573,0.303835271927067,0.696164728072933,0.324859169317883,0.675140830682117,0.293676587980385,0.706323412019615,0.272241700449217,0.727758299550783,0.287101445834619,0.712898554165381,0.282716621433772,0.717283378566228
Caswell,21960,76,0.0020,76,-0.0528,79,-1225,79,45.1188,26,1.0268,51,0.1656,88,0.1863,84,0.2412,30,0.1818,39,0.0565,66,1241,82,84373,41,-0.1955,83,412,45,-0.1643,80,0.7700,80,0.6530,85,0.7750,53,0.6677,86,0.2400,68,958,25,870,67,0.6894,67,41155,95,0.7082,95,331.1950,88,346.3780,88,0.7532,37,0.8824,26,"1,331.0479",80,2.7792,84,0.1719,77,0.1813,84,0.1560,90,781,34,0.3291,91,1648,3266,0.1490,34,0.1280,46,0.3339,59,7379,25,0.0922,57,1198,23,0.1360,55,0.1380,57,80,21,18,19,31,26,7,18,0.5850,39,0.7350,68,597.2575,93,13.1982,85,81259.5262,94,1795.6730,91,0.1407,13,230.4542,60,0.0675,425.4000,0.489295538811147,0.510704461188853,0.482513022217498,0.517486977782502,0.515670045568679,0.484329954431321,0.488758910619631,0.511241089380369,0.442965427990386,0.557034572009614,0.406728596535275,0.593271403464725,0.37636119953091,0.62363880046909
Catawba,168239,18,0.0153,18,0.0782,25,12196,25,42.8084,48,2.0051,18,0.1996,46,0.2263,32,0.2032,56,0.1607,66,0.0551,72,9273,23,61631,61,-0.0299,49,608,27,-0.0470,42,0.8640,29,0.8100,25,0.7976,42,0.7826,40,0.1640,26,5631,81,1046,14,0.8288,14,55223,22,0.9503,22,9241.5140,12,9060.3480,13,0.5508,62,0.4639,77,"2,014.8473",48,44.0405,18,0.1535,60,0.1334,44,0.0911,38,3465,80,0.4718,32,17951,23455,0.1480,32,0.1200,31,0.2864,36,47663,80,0.0819,34,7865,84,0.1350,52,0.1350,48,201,78,320,87,41,47,65,80,0.3985,8,0.3985,8,730.7813,68,121.6320,17,183383.0168,23,30522.4527,13,0.0142,89,332.3955,41,0.0700,401.4000,0.321766686472569,0.678233313527431,0.322579541566883,0.677420458433117,0.373727221081152,0.626272778918848,0.350824259915169,0.649175740084831,0.305090595340811,0.694909404659189,0.312225773910084,0.687774226089916,0.308418266663571,0.691581733336429
Chatham,82500,34,0.0075,34,0.2262,20,15220,20,50.6886,6,4.9425,1,0.1601,89,0.2035,68,0.2965,8,0.2184,19,0.0536,76,4418,42,114051,22,0.0760,23,1076,2,-0.0358,38,0.8470,39,0.7770,41,0.8586,17,0.8368,16,0.1100,6,1627,42,958,30,0.7591,30,79769,1,1.3727,1,1887.2320,47,1823.8460,48,0.6772,48,1.0720,8,"3,376.3371",13,34.3914,22,0.1190,33,0.0960,15,0.1488,87,2337,70,0.6131,8,9628,13830,0.1260,10,0.0970,9,0.1697,4,13661,43,0.0483,7,2057,40,0.1260,31,0.1220,18,67,9,50,36,34,30,25,57,0.7250,71,0.6850,59,1282.4842,8,103.2374,22,187223.9772,20,15071.1557,29,0.0723,37,996.7684,4,0.0700,681.7000,0.50514269158337,0.49485730841663,0.500096940556051,0.499903059443949,0.549093144789425,0.450906855210575,0.524210586421515,0.475789413578485,0.551873198847262,0.448126801152738,0.557331003058486,0.442668996941514,0.563149007200947,0.436850992799053
Cherokee,29361,71,0.0027,71,0.0791,44,2151,44,52.2390,2,2.8313,8,0.1569,92,0.1782,90,0.3237,4,0.2687,4,0.0980,9,2878,56,25410,85,-0.0315,51,246,68,-0.1119,61,0.7920,69,0.7420,54,0.7989,41,0.7651,47,0.2450,70,1107,28,832,88,0.6593,88,40021,98,0.6887,98,822.0380,75,795.7600,74,0.6337,55,0.5380,66,"2,433.7453",27,7.2623,66,0.0532,2,0.0724,9,0.0764,22,400,17,0.4780,29,2504,4455,0.1730,86,0.1470,85,0.3455,66,10074,32,0.1233,89,1848,37,0.1560,82,0.1480,72,87,23,25,24,49,66,14,31,0.6100,47,0.6100,39,868.1325,43,25.3095,73,142316.8090,42,4149.1043,67,0.0372,66,134.1079,86,0.0700,455.5000,0.339375523889355,0.660624476110645,0.32595050215208,0.67404949784792,0.3045542323785,0.6954457676215,0.266908975979772,0.733091024020228,0.208698190309399,0.791301809690601,0.22102276232188,0.77897723767812,0.209801354658774,0.790198645341226
Chowan,13896,88,0.0013,88,-0.0343,66,-493,66,42.9882,46,-1.8980,97,0.1985,49,0.2134,53,0.2506,24,0.2222,17,0.0590,56,820,95,73439,49,0.3720,3,134,84,0.3814,1,0.8080,54,0.6900,79,0.6982,86,0.7125,74,0.2530,72,684,15,904,47,0.7163,47,51005,34,0.8777,34,589.1470,81,576.7470,81,1.2027,12,1.0588,9,null,null,null,null,0.0980,17,0.1228,29,0.1177,57,375,15,0.3582,82,1141,1876,0.1670,74,0.1410,75,0.3467,67,4787,14,0.0925,58,679,11,0.1260,31,0.1090,5,79,19,11,9,43,52,6,14,0.6950,66,0.6650,54,935.4847,34,12.9162,86,140674.3841,44,1942.2912,88,0.0778,32,129.4410,87,0.0675,172.7000,0.501547987616099,0.498452012383901,0.447794528196538,0.552205471803462,0.494303712639056,0.505696287360944,0.477507721230026,0.522492278769974,0.42706251784185,0.57293748215815,0.420704845814978,0.579295154185022,0.386928628708901,0.613071371291099
Clay,11924,92,0.0011,92,0.1194,48,1272,48,51.5368,3,1.0158,52,0.1591,90,0.1753,93,0.3253,2,0.2769,2,0.0789,20,941,87,14515,93,0.1589,14,178,79,0.0854,9,0.7920,69,0.7720,44,0.7594,60,0.7392,61,0.2310,64,401,6,883,58,0.6997,58,43753,86,0.7529,86,215.6430,96,212.6410,96,1.4848,3,0.9492,18,"1,529.0122",69,1.8730,86,0.0535,5,0.0701,8,0.1025,49,187,6,0.5441,19,993,1376,0.1630,66,0.1430,79,0.2906,37,3427,8,0.0896,52,524,6,0.1750,92,0.1600,86,116,41,13,12,18,3,2,2,0.4300,12,0.4300,11,789.2666,52,9.3078,95,183550.3662,22,2164.6095,83,0.0444,58,87.7454,97,0.0700,215.0000,0.360338893301562,0.639661106698438,0.336572255530287,0.663427744469713,0.31869141701893,0.68130858298107,0.284402017291066,0.715597982708934,0.2355272226051,0.7644727773949,0.249449420055792,0.750550579944208,0.247911227154047,0.752088772845953
Cleveland,101172,29,0.0092,29,0.0422,35,4098,35,41.2251,62,-0.4623,84,0.2079,34,0.2222,41,0.2004,59,0.1696,58,0.0620,50,6269,30,104633,31,-0.0768,60,872,10,-0.1323,70,0.7650,82,0.6610,82,0.7445,70,0.7023,78,0.2460,71,5409,79,979,28,0.7758,28,45126,73,0.7766,73,4463.0650,25,4212.3830,26,0.6638,50,0.7431,38,681.2442,90,10.2500,55,0.1598,61,0.1511,59,0.1285,70,2993,78,0.4212,51,9814,13358,0.1640,69,0.1390,72,0.4011,80,40348,77,0.1040,74,6186,77,0.1340,50,0.1350,48,246,90,241,80,37,40,36,65,0.6875,65,0.6875,60,767.1533,59,77.1726,27,111585.9376,62,11225.0990,34,0.0457,56,318.3282,44,0.0675,464.2000,0.413758110643009,0.586241889356991,0.384552955498444,0.615447044501556,0.399691535646049,0.600308464353951,0.398133239995333,0.601866760004667,0.344451350044886,0.655548649955114,0.334068922034165,0.665931077965835,0.323916733324229,0.676083266675771
Columbus,49935,51,0.0045,51,-0.0974,97,-5390,97,42.2517,56,1.4233,37,0.2079,33,0.2225,40,0.2091,53,0.1733,53,0.0637,42,3180,52,125177,19,-0.1127,68,447,39,-0.1304,69,0.7690,81,0.6660,81,0.6478,97,0.6621,87,0.2920,85,2971,59,876,63,0.6941,63,44109,83,0.7591,83,1448.9150,61,1505.2550,60,0.8315,29,0.8366,32,"1,363.8178",76,10.9351,54,0.2066,95,0.2196,94,0.1398,77,1692,54,0.3002,97,3633,5798,0.1700,80,0.1450,83,0.4629,92,23129,63,0.1270,91,3612,62,0.1490,78,0.1590,84,133,46,74,49,41,49,23,49,0.8050,87,0.8050,83,710.9511,72,35.5234,59,88316.9079,88,4412.8426,65,0.0561,46,167.3930,82,0.0675,938.1000,0.544849410737669,0.455150589262331,0.489818147376397,0.510181852623603,0.460157872870794,0.539842127129206,0.460589387687049,0.539410612312951,0.388386543818299,0.611613456181701,0.35946419057767,0.64053580942233,0.329573170731707,0.670426829268293
Craven,105175,28,0.0096,28,0.0189,46,1956,46,37.1993,92,0.8385,58,0.2434,7,0.2443,14,0.1931,73,0.1666,59,0.1272,3,13377,12,100825,33,0.2392,8,292,58,0.1918,2,0.8240,47,0.8140,22,0.8104,34,0.8131,26,0.1910,39,4091,73,1021,16,0.8090,16,54327,26,0.9349,26,4984.2080,23,5083.4710,22,0.3486,89,0.4308,81,"2,046.1355",45,25.1531,30,0.1181,31,0.1195,26,0.0805,26,1948,60,0.4593,39,11117,13096,0.1470,30,0.1200,31,0.2841,33,29651,71,0.0936,61,5228,73,0.1130,11,0.1300,39,201,79,205,75,88,98,90,85,0.4448,15,0.4448,15,599.8801,92,62.6107,33,134865.1338,50,14076.1437,31,0.0224,81,259.4730,58,0.0675,706.6000,0.385183082600057,0.614816917399943,0.3729052508379,0.6270947491621,0.437303685625833,0.562696314374167,0.410649799741743,0.589350200258257,0.388659861995988,0.611340138004012,0.405289382905328,0.594710617094672,0.396680363321799,0.603319636678201
Cumberland,343636,5,0.0313,5,0.0413,23,13614,23,33.3439,96,1.2301,42,0.2601,3,0.2625,6,0.1491,92,0.1103,95,0.1512,2,51962,3,65919,54,-0.0012,40,327,56,-0.0268,35,0.8850,18,0.8440,13,0.8227,29,0.8222,21,0.2120,49,17593,96,1021,16,0.8090,16,46024,67,0.7920,67,17938.4420,6,18159.3140,6,0.4112,83,0.4826,73,"1,768.6773",57,87.5265,12,0.1272,42,0.1314,42,0.0577,6,5589,94,0.4680,34,45324,49125,0.1630,66,0.1410,75,0.3959,79,135737,97,0.1059,77,21149,97,0.1120,8,0.1190,13,190,73,638,95,55,78,186,96,0.7990,86,0.7990,82,592.7911,94,203.2515,11,74191.6311,96,25438.2329,15,0.0167,88,336.7068,40,0.0700,652.6000,0.503237574099407,0.496762425900593,0.48234959495191,0.51765040504809,0.588857178896913,0.411142821103087,0.599345237153838,0.400654762846162,0.582770407748026,0.417229592251974,0.584556508259458,0.415443491740542,0.567851752352478,0.432148247647522
Currituck,33670,68,0.0031,68,0.3652,28,9007,28,43.8202,41,1.0983,49,0.1918,61,0.2138,51,0.1787,80,0.1463,81,0.0859,15,2891,55,37917,76,-0.1543,76,87,93,-0.0225,32,0.8940,15,0.8310,15,0.8931,7,0.8567,13,0.1170,9,794,20,841,85,0.6664,85,59381,14,1.0219,14,824.1340,74,832.0500,73,0.4894,73,0.4592,78,"2,881.4328",19,13.0356,50,0.0984,20,0.1241,30,0.0585,8,410,18,0.4991,25,3500,5255,0.1210,6,0.0890,3,0.1656,3,5339,16,0.0369,1,733,14,0.1240,27,0.1200,16,72,12,20,21,29,22,8,23,0.6200,50,0.5600,28,1503.2112,3,48.4635,44,268430.5645,6,8654.2014,43,0.0288,77,228.8546,63,0.0675,261.9000,0.387892376681614,0.612107623318386,0.326047971306882,0.673952028693118,0.340625284841856,0.659374715158144,0.322119732320492,0.677880267679508,0.241222259026168,0.758777740973832,0.264635377239465,0.735364622760535,0.258086215595045,0.741913784404955
Dare,37786,65,0.0034,65,0.0815,41,2847,41,46.9814,16,2.0189,16,0.1673,84,0.1925,79,0.2546,21,0.1850,34,0.0848,17,3204,51,115,100,-0.9785,100,18,100,-0.4375,100,0.9280,4,0.9070,3,0.8995,5,0.9031,3,0.1080,5,723,17,862,70,0.6830,70,76100,5,1.3096,5,2592.6240,38,2541.9990,40,1.5632,2,0.8072,33,"5,723.0693",1,28.3063,25,0.1854,86,0.1302,40,0.0598,9,461,21,0.5620,14,4330,5359,0.1230,8,0.1000,10,0.2014,7,7615,27,0.0582,10,1284,27,0.1230,24,0.1360,53,46,6,17,17,54,77,20,41,0.4005,10,0.4005,10,1856.6867,2,70.1846,31,463592.1766,1,17524.2479,25,0.0000,100,0.0905,100,0.0675,383.2000,0.433591931730023,0.566408068269977,0.396356824494542,0.603643175505458,0.453111846904989,0.546888153095011,0.419080550989173,0.580919449010827,0.386575313135639,0.613424686864361,0.416184971098266,0.583815028901734,0.405131504866082,0.594868495133918
Davidson,178071,16,0.0162,16,0.0906,21,14790,21,42.1298,59,0.3478,77,0.2000,43,0.2245,37,0.1959,68,0.1638,60,0.0550,74,9797,20,73655,48,-0.2025,84,847,12,-0.1555,78,0.8500,38,0.7890,34,0.8050,36,0.7899,37,0.1610,23,5851,85,992,26,0.7861,26,48523,50,0.8350,50,5013.9550,22,4953.0780,23,0.3488,87,0.3434,92,"1,495.3397",70,34.5738,21,0.1670,71,0.1553,63,0.1155,55,4591,86,0.4173,54,16591,27490,0.1530,39,0.1270,44,0.2994,40,52726,85,0.0842,42,8676,86,0.1350,52,0.1450,65,239,87,401,92,60,86,101,89,0.5400,29,0.5400,25,572.2871,97,100.7906,23,105979.0891,71,18664.9312,23,0.0375,65,574.2859,20,0.0700,553.2000,0.314019307564068,0.685980692435932,0.290065130091452,0.709934869908548,0.330616636208218,0.669383363791782,0.29459911151742,0.70540088848258,0.250034517990777,0.749965482009223,0.259307627099228,0.740692372900772,0.262189362603003,0.737810637396997
Davie,44800,56,0.0041,56,0.0924,40,3788,40,45.0930,27,1.4953,33,0.1825,69,0.2128,55,0.2298,33,0.1855,32,0.0598,55,2680,64,74899,47,-0.0264,47,594,28,0.0051,25,0.9120,11,0.8350,14,0.8738,14,0.8301,18,0.1510,17,1347,37,958,30,0.7591,30,60579,13,1.0425,13,1416.5380,62,1418.6510,63,0.9461,21,0.9397,19,"2,261.1057",35,13.5418,47,0.1429,53,0.1498,58,0.1089,51,1001,41,0.4522,40,4157,6047,0.1480,32,0.1190,29,0.2427,17,10750,35,0.0679,21,1734,34,0.1230,24,0.1340,47,203,81,87,55,47,63,20,41,0.7730,81,0.7730,77,999.2639,24,44.2574,48,129270.8792,55,5725.4072,56,0.0917,25,440.1285,26,0.0675,263.7000,0.26389591615468,0.73610408384532,0.254923215898826,0.745076784101174,0.306463614266581,0.693536385733419,0.280824600920576,0.719175399079424,0.252491376006133,0.747508623993867,0.269155206286837,0.730844793713163,0.264837413780035,0.735162586219965
Duplin,49683,52,0.0045,52,-0.0960,96,-5278,96,35.8358,93,-1.4450,95,0.2598,4,0.2579,8,0.1549,89,0.1535,74,0.0574,63,2854,58,254164,3,0.0455,27,949,5,0.1573,3,0.7590,84,0.6540,84,0.6845,90,0.6738,84,0.2960,88,3421,66,883,58,0.6997,58,52760,29,0.9079,29,2126.9360,44,2186.0780,44,0.9312,22,0.6410,52,"1,057.2106",88,10.0002,56,0.1815,78,0.1323,43,0.2110,96,2311,68,0.3728,72,4083,6107,0.1650,71,0.1300,48,0.4524,89,22261,58,0.1009,71,2797,51,0.1960,97,0.2120,99,77,17,45,34,26,16,15,35,0.7350,75,0.7350,68,754.1342,64,37.1072,57,102603.2949,73,5048.5951,60,0.1664,9,697.9436,14,0.0700,814.7000,0.452322738386308,0.547677261613692,0.418712955122777,0.581287044877223,0.452607113985449,0.547392886014551,0.441733092082742,0.558266907917258,0.404048780487805,0.595951219512195,0.388608156028369,0.611391843971631,0.354403096683382,0.645596903316618
Durham,340727,6,0.0310,6,0.1570,7,46239,7,35.4334,95,1.6936,30,0.2231,16,0.2259,33,0.1403,96,0.1086,96,0.0440,97,14981,9,16166,92,-0.1310,74,212,74,-0.1203,64,0.9170,9,0.8700,8,0.8856,10,0.8569,12,0.1700,30,10753,95,1767,1,1.4002,1,59070,15,1.0165,15,39750.5810,3,38590.1750,3,0.2978,95,0.3180,94,"4,903.0007",3,187.9516,4,0.0970,16,0.0777,11,0.0866,30,9075,96,0.7212,3,75574,73098,0.1220,7,0.0960,8,0.2563,22,86458,95,0.0606,13,12749,95,0.1250,29,0.1350,48,188,69,605,94,41,48,132,93,0.7987,85,0.7522,74,1147.1453,13,386.9413,4,152505.3523,34,51441.2754,4,0.0048,97,204.1304,70,0.0750,286.5000,0.641314822085014,0.358685177914986,0.682841906576994,0.317158093423006,0.761775729149025,0.238224270850975,0.767099101335927,0.232900898664073,0.810494652406417,0.189505347593583,0.816767994942054,0.183232005057946,0.814707026953859,0.185292973046141
Edgecombe,47637,53,0.0043,53,-0.1148,99,-6177,99,44.4451,31,2.5904,10,0.2283,11,0.2362,19,0.2415,29,0.1717,55,0.0568,65,2705,63,145050,12,-0.0260,46,243,69,-0.0241,33,0.7570,87,0.6430,87,0.7023,84,0.6370,92,0.3180,93,3407,65,888,54,0.7036,54,43507,87,0.7487,87,1624.0710,56,1588.7870,56,0.5282,66,0.5961,57,"2,093.2536",43,12.7605,51,0.1835,82,0.1696,75,0.1186,58,1351,47,0.3473,86,3957,5762,0.1640,69,0.1430,79,0.5593,98,26817,69,0.1819,100,4416,69,0.1120,8,0.1140,7,134,47,69,45,51,72,26,58,0.8900,96,0.9500,97,701.9467,74,33.6590,62,73889.1283,97,3543.0576,74,0.1209,19,321.8130,43,0.0700,505.4000,0.623381631866013,0.376618368133987,0.612024714828897,0.387975285171103,0.673282265552461,0.326717734447539,0.681784331248138,0.318215668751862,0.662609761078211,0.337390238921789,0.63605455623641,0.36394544376359,0.614306328592043,0.385693671407957
Forsyth,396317,4,0.0361,4,0.0882,10,32110,10,38.0818,86,0.6987,63,0.2138,26,0.2354,20,0.1761,85,0.1437,85,0.0469,91,18568,6,32956,81,-0.0530,54,482,37,-0.1346,73,0.8680,26,0.8120,24,0.8298,24,0.8069,29,0.2160,55,18471,97,1225,5,0.9707,5,57781,18,0.9944,18,26511.5480,5,25843.6720,5,0.3279,92,0.3023,95,"2,999.4223",17,163.3965,5,0.1237,37,0.1181,25,0.1062,50,10251,97,0.5537,16,53428,70763,0.1450,26,0.1160,23,0.3083,45,121242,96,0.0837,41,19382,96,0.1290,41,0.1220,18,192,75,732,97,49,65,186,96,0.6778,64,0.6778,57,784.0977,54,308.3833,5,115682.7504,60,45497.6787,8,0.0082,94,295.9279,47,0.0700,407.9000,0.436570486946245,0.563429513053755,0.456886478064544,0.543113521935456,0.55283778124412,0.44716221875588,0.536477793725413,0.463522206274587,0.554239346628413,0.445760653371587,0.570594203849629,0.429405796150371,0.56665359392763,0.43334640607237
Franklin,80236,36,0.0073,36,0.2949,19,18271,19,42.2290,58,1.6538,32,0.2033,39,0.2297,27,0.1936,72,0.1487,77,0.0517,80,4151,44,107923,27,-0.0004,39,518,35,-0.0372,39,0.8660,27,0.7860,37,0.7971,43,0.7766,42,0.1570,22,2468,51,1027,15,0.8138,15,46330,66,0.7973,66,1784.0030,53,1754.8810,52,0.4461,81,0.4574,79,"2,323.6873",30,25.3282,29,0.1427,51,0.1765,81,0.1295,71,2189,65,0.4699,33,7942,12495,0.1260,10,0.1030,13,0.2700,26,20822,53,0.0648,17,2900,52,0.1310,45,0.1460,68,103,33,72,48,43,53,30,60,0.5050,23,0.7850,79,781.3608,56,60.2492,36,99536.4040,76,7675.0530,47,0.0684,39,431.1132,28,0.0675,491.8000,0.467188968975243,0.532811031024757,0.445884951502929,0.554115048497071,0.496433720312619,0.503566279687381,0.47918970006063,0.52081029993937,0.440257164352643,0.559742835647357,0.431729200652529,0.568270799347471,0.431468946680917,0.568531053319083
Gaston,243242,11,0.0221,11,0.1498,11,31688,11,40.8890,66,0.8585,57,0.2099,30,0.2307,26,0.1742,87,0.1480,78,0.0553,71,13440,11,36859,77,-0.0222,44,412,45,-0.2107,84,0.8580,34,0.7990,30,0.8036,38,0.7720,44,0.1680,29,8555,93,995,25,0.7884,25,49674,40,0.8548,40,8021.2110,16,7896.8420,16,0.6864,45,0.6667,47,"1,551.1635",68,53.0017,15,0.1460,58,0.1403,53,0.0793,23,4701,89,0.4962,26,29411,35691,0.1440,25,0.1230,36,0.3236,54,77960,94,0.0870,48,12640,94,0.1240,27,0.1290,36,290,97,652,96,68,91,152,95,0.5990,45,0.6100,39,840.0807,46,202.3628,12,137718.1465,47,33174.2357,11,0.0078,95,217.2737,66,0.0700,355.8000,0.328276637041577,0.671723362958423,0.318930494756401,0.681069505243599,0.37410449273462,0.62589550726538,0.371418334098467,0.628581665901533,0.335326700726002,0.664673299273998,0.359314688750088,0.640685311249912,0.373755195521249,0.626244804478751
Gates,10534,95,0.0010,95,-0.0719,72,-816,72,42.8222,47,-0.5891,86,0.1771,74,0.2015,70,0.2278,35,0.1780,47,0.0741,25,781,97,71866,50,0.2394,7,122,88,-0.1348,74,0.7380,93,0.7300,59,0.8139,32,0.7605,50,0.1950,40,381,5,836,87,0.6624,87,49850,39,0.8579,39,184.4460,97,200.5710,97,1.0909,15,1.4138,2,"2,103.2764",42,2.9530,81,0.0980,18,0.1255,33,0.0618,12,134,3,0.2777,98,602,1710,0.1430,23,0.1160,23,0.2682,25,2813,4,0.0600,12,361,4,0.1110,6,0.1070,3,35,1,4,3,35,33,4,7,0.8400,91,0.8400,90,815.7284,49,8.5570,98,97110.5268,79,1018.6894,98,0.2025,4,193.7443,74,0.0675,340.6000,0.567757009345794,0.432242990654206,0.524351050679852,0.475648949320148,0.526315789473684,0.473684210526316,0.520747663551402,0.479252336448598,0.453508271534512,0.546491728465488,0.430576695416878,0.569423304583122,0.390630382363073,0.609369617636927
Graham,7718,98,0.0007,98,-0.0918,70,-780,70,43.9684,37,-1.0700,92,0.2113,27,0.2163,48,0.2586,19,0.2272,16,0.0507,85,391,98,2256,98,-0.7949,99,70,97,-0.4309,99,0.7290,94,0.5720,98,0.6332,98,0.6036,97,0.2270,58,348,4,882,60,0.6989,60,41336,93,0.7114,93,228.9350,94,232.0250,94,0.4783,74,0.8444,30,"1,265.3541",84,1.3577,90,0.1274,44,0.1543,61,0.1402,79,247,9,0.3371,89,594,1248,0.1680,78,0.1500,90,0.4371,87,3371,6,0.1486,96,625,10,0.1980,98,0.1830,94,119,42,10,6,24,10,2,2,0.5900,41,0.5900,34,1287.5234,7,9.9307,94,218224.2994,12,1683.1640,93,0.0333,70,50.6564,99,0.0700,292.0000,0.30392749244713,0.69607250755287,0.320807061790668,0.679192938209332,0.309366593299095,0.690633406700905,0.289222021194107,0.710777978805893,0.189582819057023,0.810417180942977,0.196099674972914,0.803900325027086,0.177678949597628,0.822321050402372
Granville,62881,46,0.0057,46,0.0897,33,5175,33,43.9416,39,2.3325,13,0.1809,71,0.2060,66,0.1967,64,0.1471,79,0.0483,88,3039,53,102115,32,-0.1819,79,483,36,-0.1329,71,0.8710,24,0.7960,32,0.8368,23,0.8018,30,0.1530,18,1840,43,1075,12,0.8518,12,46906,61,0.8072,61,3309.3370,31,3213.5500,31,0.5813,61,0.7699,34,"2,272.1545",34,19.0043,36,0.1718,76,0.1827,86,0.1440,83,2126,64,0.4448,41,6566,10737,0.1320,15,0.1020,11,0.2756,29,17151,48,0.0567,8,2185,42,0.1210,19,0.1310,41,124,43,75,50,40,44,24,53,0.6310,56,0.8400,90,731.3759,67,45.5099,46,87068.5616,91,5417.8412,58,0.0878,29,390.9577,34,0.0675,532.0000,0.512220971053852,0.487779028946148,0.488300625404356,0.511699374595644,0.533175645365197,0.466824354634803,0.522939660808368,0.477060339191632,0.487132075471698,0.512867924528302,0.466647443291042,0.533352556708958,0.452469446894293,0.547530553105707
Greene,19939,79,0.0018,79,-0.0430,75,-895,75,42.5449,51,3.1163,7,0.1965,50,0.2248,34,0.1962,66,0.1435,86,0.0461,92,920,90,97668,35,0.1722,13,210,75,0.0145,21,0.7860,74,0.7280,60,0.7225,75,0.7326,64,0.3520,99,1337,36,850,79,0.6735,79,38963,99,0.6705,99,420.3170,86,456.8290,85,0.6887,43,0.6419,51,"1,083.7716",87,2.8850,82,0.1678,74,0.2050,91,0.2324,98,1360,48,0.3045,96,1782,2054,0.1700,80,0.1360,64,0.3344,61,6668,20,0.0944,63,1135,21,0.2050,100,0.2060,98,138,49,29,28,24,10,5,10,0.7860,84,0.7860,81,542.5842,99,10.8180,92,69031.0743,100,1376.3416,95,0.1970,5,230.3200,61,0.0700,266.7000,0.424969987995198,0.575030012004802,0.412219644238206,0.587780355761794,0.470500743678731,0.529499256321269,0.461350592257907,0.538649407742093,0.451811003885199,0.548188996114801,0.440156214105215,0.559843785894785,0.409069269221614,0.590930730778386
Guilford,553023,3,0.0503,3,0.0789,8,40463,8,38.2410,85,1.4893,35,0.2014,42,0.2238,38,0.1737,88,0.1375,87,0.0478,90,26415,5,94798,37,0.2416,6,775,15,-0.0925,54,0.8730,21,0.7630,47,0.8459,20,0.8138,25,0.2120,49,24655,99,1137,7,0.9010,7,55008,23,0.9466,23,34424.9430,4,34071.0900,4,0.7137,40,0.6969,44,"3,431.5224",11,260.2261,3,0.0951,15,0.0979,17,0.0924,41,12782,98,0.5766,13,79734,112787,0.1370,19,0.1100,17,0.3231,53,177878,98,0.0875,49,29218,98,0.1180,16,0.1190,13,191,74,1027,98,42,51,228,98,0.7305,74,0.7305,67,952.9298,29,524.5421,3,130448.9743,54,71805.8988,3,0.0104,93,611.4164,17,0.0675,645.9000,0.489081674042414,0.510918325957586,0.504508411667406,0.495491588332594,0.59253436967046,0.40746563032954,0.582769933984727,0.417230066015273,0.603485504023291,0.396514495976709,0.617326485483986,0.382673514516014,0.610710398115598,0.389289601884402
Halifax,46342,54,0.0042,54,-0.1074,98,-5576,98,45.2995,25,1.4946,34,0.2083,31,0.2194,44,0.2427,28,0.1845,35,0.0618,52,2866,57,183565,5,-0.1220,71,220,73,-0.3452,97,0.6670,97,0.5810,97,0.6558,95,0.6493,90,0.2800,80,2826,56,843,84,0.6680,84,44768,76,0.7704,76,1403.4920,64,1429.2100,62,0.5285,65,0.5902,62,898.2533,89,5.6922,71,0.2499,98,0.2543,98,0.1241,64,1390,49,0.3390,87,3798,4692,0.1760,90,0.1600,94,0.4697,95,21975,55,0.1253,90,3222,57,0.1280,39,0.1400,59,102,30,51,37,40,46,20,41,0.7000,67,0.7600,75,701.4586,75,32.8149,64,92297.1905,85,4317.7549,66,0.1271,17,402.3789,31,0.0700,723.7000,0.604137115839243,0.395862884160757,0.58768352365416,0.41231647634584,0.641674664107486,0.358325335892514,0.662168934808589,0.337831065191411,0.635538157310626,0.364461842689374,0.606634146341463,0.393365853658537,0.589021519838601,0.410978480161399
Harnett,145438,23,0.0132,23,0.1679,16,20909,16,35.5724,94,1.2375,41,0.2531,5,0.2717,4,0.1428,95,0.1175,91,0.0850,16,12361,14,109179,25,0.0275,30,563,30,-0.1244,67,0.8140,49,0.7890,34,0.8163,31,0.8249,20,0.1660,28,5732,84,858,72,0.6799,72,44192,82,0.7605,82,2716.2680,36,2722.9460,36,0.4564,80,0.3767,88,"1,401.3958",75,28.1218,26,0.1273,43,0.1441,54,0.0925,42,3647,82,0.4634,36,18271,24501,0.1490,34,0.1220,34,0.3003,41,42492,78,0.0757,26,6365,78,0.1260,31,0.1250,26,188,68,255,82,45,57,61,79,0.5910,42,0.5910,35,647.8211,85,91.6673,25,109614.4063,66,15510.5481,28,0.0700,38,977.2181,6,0.0700,594.9000,0.382782121503533,0.617217878496467,0.355948899492073,0.644051100507927,0.415840848280646,0.584159151719354,0.404023685192093,0.595976314807907,0.37737593289892,0.62262406710108,0.385769163610966,0.614230836389034,0.373092573753815,0.626907426246185
Haywood,64109,45,0.0058,45,0.0813,34,4818,34,48.5809,11,1.6842,31,0.1699,80,0.1855,86,0.2723,14,0.2373,12,0.0777,22,4983,36,49288,70,-0.0566,56,567,29,0.0481,15,0.7990,60,0.7150,67,0.7587,62,0.7487,55,0.1850,34,1976,47,900,50,0.7132,50,50894,35,0.8758,35,1957.1370,46,1919.5810,45,0.5300,64,0.4840,72,"2,456.1933",26,17.4046,38,0.1278,46,0.1347,45,0.0963,45,1334,43,0.5021,24,6953,10766,0.1530,39,0.1290,47,0.2939,38,18725,50,0.0785,30,2719,47,0.1340,50,0.1280,33,108,35,67,43,56,80,35,64,0.5500,30,0.5500,26,880.6583,41,56.1006,41,160119.6858,30,10200.1043,37,0.0428,60,376.7587,36,0.0700,553.6000,0.446944457121994,0.553055542878006,0.435846714762237,0.564153285237763,0.460564399421129,0.539435600578871,0.43082356367873,0.56917643632127,0.356200258485817,0.643799741514183,0.365334371004503,0.634665628995497,0.372942690183885,0.627057309816115
Henderson,121587,24,0.0111,24,0.1074,26,11790,26,49.1234,9,2.7307,9,0.1696,81,0.1987,72,0.2912,9,0.2471,10,0.0667,34,8110,26,32743,82,-0.2033,85,520,34,0.1429,4,0.8760,20,0.8230,19,0.8459,21,0.8090,27,0.1620,24,3396,64,1009,20,0.7995,20,55243,21,0.9507,21,4385.7970,26,4230.0990,25,0.2767,97,0.4895,71,"2,475.5642",25,33.1280,23,0.1105,26,0.0997,19,0.0931,44,2348,71,0.4753,31,11983,17717,0.1460,28,0.1120,19,0.2185,11,26263,68,0.0627,14,3914,67,0.1370,57,0.1500,75,125,44,147,67,37,38,43,73,0.4310,13,0.4310,12,878.8626,42,105.6463,21,203912.4412,15,24511.9067,17,0.0201,85,432.3087,27,0.0675,372.9000,0.328418300653595,0.671581699346405,0.348679929348331,0.651320070651669,0.393672077158316,0.606327922841684,0.361027190332326,0.638972809667674,0.356369976274355,0.643630023725645,0.404666656752376,0.595333343247624,0.426399256440791,0.573600743559209
Hertford,19564,81,0.0018,81,-0.1753,92,-4159,92,40.2163,71,-1.0789,93,0.1961,52,0.2020,69,0.2185,45,0.1739,51,0.0618,51,1210,84,67209,52,-0.1693,77,97,91,-0.2302,87,0.7610,83,0.6460,86,0.6996,85,0.6825,83,0.3510,98,1268,34,914,39,0.7242,39,41529,92,0.7147,92,824.6430,73,834.0810,72,0.8944,24,1.0946,6,"1,866.5773",53,4.2521,75,0.2499,99,0.2664,100,0.1007,48,505,23,0.3509,83,1760,2685,0.1560,46,0.1320,55,0.4369,86,8620,30,0.1313,92,1411,30,0.1190,18,0.1240,24,42,4,10,6,30,24,7,18,0.8400,91,0.8400,90,775.3221,57,15.2971,81,92300.2554,84,1821.0840,90,0.1296,15,168.3842,81,0.0700,353.2000,0.697177726926011,0.302822273073989,0.636026227885686,0.363973772114314,0.708639879268063,0.291360120731937,0.722857142857143,0.277142857142857,0.690378659206714,0.309621340793286,0.671047655068079,0.328952344931921,0.634844134536505,0.365155865463495
Hoke,56269,49,0.0051,49,0.1263,31,6308,31,32.9416,97,0.4433,74,0.2983,2,0.3100,1,0.1160,99,0.0857,99,0.1165,4,6553,29,36788,78,-0.3143,94,185,78,-0.0212,31,0.8650,28,0.8030,29,0.8112,33,0.8017,31,0.2020,42,2860,57,845,81,0.6696,81,41181,94,0.7087,94,1162.8810,68,1109.6270,68,0.8415,28,0.6499,49,null,null,null,null,0.1623,64,0.1701,77,0.0980,46,1608,53,0.4375,43,7180,9898,0.1570,50,0.1330,58,0.3691,74,20456,52,0.0981,67,3165,56,0.1390,63,0.1540,79,112,37,62,42,42,50,23,49,0.7300,72,0.7300,64,636.2046,87,35.2565,60,87151.3130,90,4829.6643,62,0.0445,57,179.8999,78,0.0675,390.2000,0.593306527909177,0.406693472090823,0.524296443760746,0.475703556239254,0.594523195876289,0.405476804123711,0.596389464338562,0.403610535661438,0.556216401692783,0.443783598307217,0.555299430775744,0.444700569224256,0.530053914360825,0.469946085639175
Hyde,4490,99,0.0004,99,-0.1714,76,-929,76,46.3913,18,3.6441,4,0.1661,87,0.1742,95,0.2470,25,0.1711,57,0.0490,87,220,100,112445,23,-0.0995,64,123,87,-0.1087,60,0.7050,95,0.5640,99,0.6254,100,0.5871,100,0.2830,83,198,1,781,95,0.6189,95,48593,48,0.8362,48,177.9230,98,182.0470,98,0.6875,44,0.9545,17,"3,821.4286",5,1.7120,87,0.1866,91,0.1471,56,0.2406,99,288,12,0.3475,85,416,354,0.2160,100,0.1490,87,0.3157,51,1435,2,0.0902,54,236,2,0.1950,96,0.1750,92,41,2,2,1,20,4,1,1,0.9200,97,1.0450,100,2248.7191,1,10.2227,93,215188.4314,13,978.2466,99,0.1917,6,197.1995,73,0.0675,612.3000,0.49009009009009,0.50990990990991,0.459045116075339,0.540954883924661,0.505911129229515,0.494088870770485,0.493633276740238,0.506366723259762,0.428317798490901,0.571682201509099,0.424512987012987,0.575487012987013,0.388564273789649,0.611435726210351
Iredell,207682,14,0.0189,14,0.2358,9,39622,9,42.2598,55,1.8808,22,0.1943,56,0.2338,23,0.1782,81,0.1444,84,0.0460,93,9551,21,119481,20,-0.1040,66,894,7,-0.1526,77,0.9190,8,0.8290,16,0.8656,16,0.8453,15,0.1210,10,5122,76,1198,6,0.9493,6,64437,7,1.1089,7,10581.8640,9,10429.2950,9,0.5132,70,0.3842,85,"2,314.4329",32,72.0205,13,0.1216,35,0.1264,34,0.0879,32,4068,83,0.5446,18,25198,36127,0.1280,13,0.1020,11,0.2399,16,48650,82,0.0600,11,7385,82,0.1170,12,0.1260,29,146,51,265,83,26,18,48,75,0.5000,21,0.5000,21,1007.1851,22,204.2420,10,201437.0291,17,40848.4079,9,0.0307,74,1098.6502,3,0.0675,574.4000,0.340804204297039,0.659195795702961,0.318382093761015,0.681617906238985,0.376976789114895,0.623023210885105,0.345950248756219,0.654049751243781,0.311166465378422,0.688833534621578,0.335863941802613,0.664136058197387,0.33539346357495,0.66460653642505
Jackson,43308,59,0.0039,59,0.0611,43,2495,43,38.8638,81,2.1961,15,0.1583,91,0.1756,92,0.2182,46,0.1791,46,0.0653,38,2828,60,22208,88,0.4119,2,236,72,0.0977,7,0.7590,84,0.7140,68,0.7656,57,0.7647,48,0.1860,36,1263,32,896,53,0.7100,53,44870,75,0.7722,75,1629.0920,55,1629.3020,55,0.3769,86,0.2366,99,"2,549.4350",24,9.4176,61,0.0533,4,0.0892,13,0.1486,86,1341,44,0.4307,48,3886,8264,0.1700,80,0.1410,75,0.2615,24,11307,37,0.0886,50,2294,44,0.1800,94,0.2020,97,102,31,45,34,52,74,23,49,0.3800,7,0.3800,7,1078.7169,17,46.6426,45,283872.8697,5,12274.3790,33,0.0283,78,325.3357,42,0.0700,491.1000,0.47846809933941,0.52153190066059,0.47820840431573,0.52179159568427,0.527436823104693,0.472563176895307,0.495137317267111,0.504862682732889,0.438662344309845,0.561337655690155,0.457869862032749,0.542130137967251,0.452418531241296,0.547581468758704
Johnston,249714,9,0.0227,9,0.3755,3,68170,3,39.5474,77,1.6936,29,0.2201,20,0.2638,5,0.1468,94,0.1200,90,0.0523,79,13058,13,174111,6,-0.0500,53,964,4,-0.0931,55,0.8340,43,0.7780,40,0.8491,19,0.8350,17,0.1360,13,7690,90,1007,22,0.7979,22,49672,41,0.8548,41,7726.3940,17,7501.7010,17,0.3227,93,0.2965,97,"2,210.7162",38,88.4972,11,0.1385,49,0.1294,39,0.0921,40,5290,92,0.5184,21,29790,40244,0.1270,12,0.1050,15,0.2761,30,66475,92,0.0581,9,8712,87,0.1290,41,0.1260,29,115,40,240,79,33,28,69,83,0.6700,63,0.6900,61,787.3062,53,189.5802,14,114102.3477,61,27475.3889,14,0.0427,61,936.6827,8,0.0675,792.0000,0.334930100694105,0.665069899305895,0.318743192600934,0.681256807399066,0.380518908786231,0.619481091213769,0.360421041509833,0.639578958490167,0.342809485822032,0.657190514177968,0.376398138855944,0.623601861144056,0.391206075093094,0.608793924906906
Jones,9098,97,0.0008,97,-0.0824,73,-817,73,42.3871,53,-1.5084,96,0.1932,59,0.2040,67,0.2435,27,0.1939,27,0.0935,10,851,93,66287,53,0.0097,35,126,86,-0.2881,94,0.7400,92,0.5890,94,0.7240,74,0.6737,85,0.2740,77,453,7,888,54,0.7036,54,48585,49,0.8361,49,219.9350,95,224.4380,95,1.2400,8,1.1639,5,"1,730.4162",61,1.7045,88,0.2002,93,0.1672,73,0.1261,66,239,8,0.3692,74,700,1051,0.1600,57,0.1490,87,0.3727,76,3390,7,0.0953,66,484,5,0.1680,88,0.1700,89,276,94,26,25,64,89,6,14,0.7400,77,0.7400,71,943.2712,32,8.5800,97,127469.0783,56,1159.4587,96,0.2092,2,229.5765,62,0.0700,471.4000,0.462906504065041,0.537093495934959,0.420666666666667,0.579333333333333,0.457747834456208,0.542252165543792,0.45326652534207,0.54673347465793,0.409803532446914,0.590196467553086,0.401132006572941,0.598867993427059,0.370568685376662,0.629431314623338
Lee,67613,41,0.0062,41,0.1366,29,8126,29,39.2581,80,1.3440,39,0.2250,14,0.2503,10,0.1859,78,0.1529,75,0.0660,36,4461,40,31204,83,-0.1128,69,264,63,0.0560,11,0.7490,89,0.7390,56,0.7990,40,0.7878,38,0.2380,66,3574,68,1003,23,0.7948,23,49622,42,0.8539,42,2815.9230,34,2784.4430,34,0.7116,41,0.6927,45,"1,952.2955",50,20.1340,35,0.1191,34,0.0976,16,0.1398,75,2281,67,0.4308,47,7029,10102,0.1630,66,0.1310,50,0.3161,52,21060,54,0.0829,38,3130,54,0.1600,83,0.1560,83,236,86,146,66,62,87,38,69,0.6500,58,0.6500,48,926.2017,35,61.7174,34,142492.5655,41,9494.9921,40,0.0529,49,377.5405,35,0.0700,255.1000,0.419059971589154,0.580940028410846,0.392847981119491,0.607152018880509,0.457744386434059,0.542255613565941,0.450811803497642,0.549188196502358,0.43294321988338,0.56705678011662,0.424402348664896,0.575597651335104,0.41181812066994,0.58818187933006
Lenoir,53509,50,0.0049,50,-0.0727,94,-4197,94,41.8804,60,-0.1746,81,0.2154,24,0.2288,28,0.2234,41,0.1793,45,0.0787,21,4213,43,136277,15,0.1985,11,352,52,-0.0881,52,0.7810,76,0.7530,49,0.7221,76,0.7266,68,0.3170,92,3829,72,929,34,0.7361,34,51039,33,0.8783,33,2866.7130,33,2793.6290,33,0.3995,84,0.3767,87,"1,197.8221",86,9.9000,58,0.2002,92,0.1693,74,0.1523,89,1825,58,0.3501,84,4194,5994,0.1810,94,0.1610,96,0.4575,90,24618,66,0.1196,88,3568,61,0.1400,65,0.1350,48,154,54,86,54,39,43,22,47,0.8450,93,0.8450,93,730.7235,69,39.3202,55,86476.1587,92,4653.2821,63,0.0917,26,285.1165,49,0.0675,399.1000,0.452825704643757,0.547174295356243,0.440983323252398,0.559016676747602,0.499570559020128,0.500429440979872,0.49942709825265,0.50057290174735,0.48135024955233,0.51864975044767,0.482532363894308,0.517467636105692,0.465815727699531,0.534184272300469
Lincoln,98348,30,0.0090,30,0.2413,18,19118,18,44.8229,28,2.4136,11,0.1883,64,0.2169,47,0.1968,63,0.1574,71,0.0543,75,5337,33,49038,71,-0.0932,62,552,31,-0.1010,57,0.8920,16,0.8260,18,0.8282,26,0.8191,23,0.1130,7,2107,49,1018,19,0.8067,19,58227,17,1.0020,17,3167.2780,32,3067.9160,32,0.7810,34,0.7270,39,"1,920.1057",51,26.8162,28,0.1529,59,0.1612,68,0.0929,43,1865,59,0.4875,27,9783,14161,0.1360,18,0.1120,19,0.2358,14,22498,59,0.0659,19,3702,63,0.1220,21,0.1250,26,223,84,192,74,38,42,33,62,0.4990,20,0.4990,20,992.9107,25,94.7227,24,198980.1081,18,18982.5033,22,0.0300,75,492.6652,22,0.0700,295.8000,0.345277675163157,0.654722324836843,0.319948450111918,0.680051549888082,0.331399954730647,0.668600045269353,0.303766774131327,0.696233225868673,0.255716611115417,0.744283388884583,0.267540058450066,0.732459941549934,0.26973194002726,0.73026805997274
Macon,38539,64,0.0035,64,0.1145,39,3958,39,49.6450,8,0.8671,56,0.1713,79,0.1877,83,0.3061,7,0.2669,6,0.0737,26,2842,59,21973,89,0.1112,19,346,53,0.0176,19,0.7920,69,0.7500,51,0.7538,67,0.7746,43,0.1860,36,1242,29,879,62,0.6965,62,48309,53,0.8314,53,1555.2570,59,1557.2240,59,0.5926,60,0.6378,54,null,null,null,null,0.0532,3,0.0747,10,0.1158,56,843,38,0.4193,53,3053,4991,0.1670,74,0.1440,82,0.2848,34,10846,36,0.0886,51,1720,33,0.1650,87,0.1590,84,67,8,24,23,53,76,19,38,0.2700,1,0.2700,1,917.9839,39,34.9577,61,339994.0289,3,12947.3126,32,0.0230,80,283.3326,51,0.0675,515.6000,0.357781343112537,0.642218656887463,0.36747673562295,0.63252326437705,0.390860246796953,0.609139753203047,0.345198525412461,0.654801474587539,0.286772922425454,0.713227077574546,0.304779609608141,0.695220390391859,0.308228666420392,0.691771333579608
Madison,21453,77,0.0020,77,0.0150,56,317,56,46.3041,19,1.7070,28,0.1671,85,0.1860,85,0.2542,22,0.2031,25,0.0625,47,1341,79,42763,74,-0.2466,90,535,32,-0.1628,79,0.7900,73,0.7260,62,0.7654,58,0.7401,58,0.2120,49,759,18,821,91,0.6506,91,44497,79,0.7658,79,1616.1030,57,1568.8120,58,0.5476,63,0.5161,68,"1,447.5859",71,3.0761,78,0.1279,47,0.1371,51,0.0799,24,396,16,0.5181,22,2568,3885,0.1580,55,0.1330,58,0.3120,48,6653,19,0.0987,68,1208,24,0.1180,16,0.1260,29,41,3,9,5,60,85,13,29,0.3600,6,0.5000,21,686.9853,76,14.6500,83,137397.0560,48,2929.9922,76,0.0995,23,272.8990,55,0.0700,449.6000,0.428431732062095,0.571568267937905,0.449994685938995,0.550005314061005,0.491877079663339,0.508122920336661,0.453478964401294,0.546521035598706,0.366607526379681,0.633392473620319,0.380512422360248,0.619487577639752,0.380845491956603,0.619154508043397
Martin,20952,78,0.0019,78,-0.1010,85,-2355,85,47.0761,15,1.2892,40,0.1990,47,0.2106,57,0.2707,16,0.2045,24,0.0700,32,1467,75,143806,13,0.0200,32,286,61,-0.1386,75,0.7840,75,0.6830,80,0.7389,73,0.7217,71,0.2930,86,1250,30,726,99,0.5753,99,42553,89,0.7323,89,427.7360,85,417.3630,86,0.8073,31,0.5906,61,"2,104.0027",41,6.1500,69,0.1857,89,0.1668,72,0.1269,68,598,28,0.4274,49,2014,3256,0.1700,80,0.1390,72,0.4031,81,8521,29,0.1141,84,1273,26,0.1350,52,0.1230,22,472,99,106,57,49,67,11,26,0.8100,88,0.8100,84,824.3365,47,17.4256,79,101769.9408,74,2151.3148,84,0.1801,7,269.2277,57,0.0700,456.4000,0.52722216279816,0.47277783720184,0.488884630126485,0.511115369873515,0.523287451984635,0.476712548015365,0.523374145333121,0.476625854666879,0.497828493570638,0.502171506429362,0.475046210720887,0.524953789279113,0.448123066633225,0.551876933366775
McDowell,44601,57,0.0041,57,0.0014,58,63,58,44.5667,30,1.7628,26,0.1859,67,0.2090,64,0.2257,39,0.1854,33,0.0659,37,2939,54,17041,91,-0.2590,91,298,57,-0.1051,58,0.7970,62,0.7330,58,0.7569,63,0.7392,62,0.2220,57,1879,44,864,69,0.6846,69,43983,85,0.7569,85,630.3820,79,653.3090,78,0.8519,27,0.9660,16,"1,772.5931",56,9.6110,59,0.1820,80,0.1814,85,0.1244,65,1346,46,0.4079,57,4414,5871,0.1680,78,0.1370,66,0.3500,68,15546,44,0.1071,78,2760,49,0.1450,71,0.1320,42,129,45,59,39,46,60,21,45,0.5675,35,0.5675,31,817.9744,48,36.3352,58,144136.4517,40,6402.6853,52,0.0316,73,149.7966,84,0.0675,440.0000,0.342595265588915,0.657404734411085,0.334798994974874,0.665201005025126,0.362938414802541,0.637061585197459,0.338706054139054,0.661293945860946,0.242630621263322,0.757369378736678,0.256746643187321,0.743253356812679,0.25227263027613,0.74772736972387
Mecklenburg,1190000,2,0.1084,2,0.1768,2,178869,2,37.8195,88,3.1180,6,0.2209,19,0.2414,15,0.1332,98,0.0998,98,0.0437,98,51982,2,7704,96,-0.3401,95,165,81,-0.2361,90,0.9240,6,0.8820,5,0.8897,8,0.8813,6,0.1410,15,35626,100,1630,2,1.2916,2,76441,3,1.3155,3,129565.4660,1,127496.7340,1,0.2792,96,0.2967,96,"3,651.6432",9,596.9158,2,0.1006,23,0.1001,20,0.0888,34,31408,100,0.6739,4,238453,299257,0.1180,4,0.0910,5,0.2764,31,322419,100,0.0718,22,52822,100,0.1270,37,0.1220,18,160,58,1779,100,29,19,317,100,0.4831,19,0.4731,18,1165.7052,12,1359.9642,2,246397.2120,9,287458.0754,1,0.0029,99,724.1275,13,0.0725,523.6000,0.486288168779864,0.513711831220136,0.518241009965456,0.481758990034544,0.622742186235612,0.377257813764388,0.613299394048611,0.386700605951389,0.654465872733736,0.345534127266264,0.678440315941707,0.321559684058293,0.667260306743574,0.332739693256426
Mitchell,14751,87,0.0013,87,-0.0263,65,-399,65,44.0497,35,-2.6001,99,0.1793,72,0.1849,88,0.2466,26,0.2291,14,0.0611,54,901,91,13860,94,-0.0636,58,263,64,0.0520,14,0.7930,68,0.7220,64,0.7439,71,0.7120,75,0.2170,56,593,13,917,38,0.7266,38,43990,84,0.7570,84,496.3750,84,535.5410,82,0.0000,100,0.5313,67,"1,280.2722",83,2.1726,85,0.0552,7,0.0552,2,0.0487,1,157,4,0.4073,59,1313,2251,0.1670,74,0.1380,69,0.3065,44,4532,12,0.0857,46,715,12,0.1370,57,0.1300,39,94,26,14,14,33,29,5,10,0.5600,32,0.5600,28,944.3144,31,13.9626,84,168627.5726,28,2493.3273,81,0.0539,48,114.3534,90,0.0675,221.3000,0.235465562202792,0.764534437797208,0.267834148853979,0.732165851146021,0.289259402869329,0.710740597130671,0.240450026164312,0.759549973835688,0.202589489718203,0.797410510281797,0.20844032600201,0.79155967399799,0.218657227677552,0.781342772322448
Montgomery,25516,74,0.0023,74,-0.0419,77,-1117,77,40.9712,65,-0.2676,82,0.2082,32,0.2340,21,0.2277,36,0.1867,31,0.0613,53,1563,73,34560,80,0.0310,28,210,75,-0.1250,68,0.7590,84,0.6930,77,0.7079,81,0.6836,82,0.2400,68,1265,33,914,39,0.7242,39,46774,63,0.8049,63,1093.3020,69,1051.4060,69,1.2050,11,1.0484,10,"1,730.4699",60,6.0030,70,0.1181,30,0.1803,83,0.1227,61,705,30,0.3767,71,2165,2792,0.1600,57,0.1260,42,0.3874,77,9881,31,0.1080,79,1535,31,0.1690,89,0.1630,87,217,83,59,39,63,88,17,37,0.6150,49,0.6150,42,920.4548,38,23.4799,75,149667.4545,36,3817.8671,70,0.0517,52,153.1180,83,0.0700,491.5000,0.445826330532213,0.554173669467787,0.42881288526546,0.57118711473454,0.44454471618085,0.55545528381915,0.423582358235824,0.576417641764176,0.36790780141844,0.63209219858156,0.339692259381379,0.660307740618621,0.309565615695855,0.690434384304145
Moore,111001,27,0.0101,27,0.2115,17,19381,17,47.2820,13,1.4856,36,0.1990,48,0.2097,62,0.2809,12,0.2486,9,0.0925,12,10265,19,106258,28,0.1889,12,802,13,0.0941,8,0.8800,19,0.8210,20,0.8658,15,0.8222,22,0.1300,12,2931,58,999,24,0.7916,24,62886,9,1.0822,9,4014.1950,28,3866.7000,28,0.1551,99,0.1439,100,"2,419.9708",28,34.8500,20,0.1180,29,0.1482,57,0.0633,13,1495,51,0.6431,7,15189,19276,0.1310,14,0.1040,14,0.2037,8,22063,56,0.0648,18,3541,59,0.1170,12,0.1210,17,158,56,159,70,50,68,50,76,0.3100,2,0.3300,3,669.0372,80,72.4674,28,202738.5376,16,21959.8274,19,0.0475,55,975.3190,7,0.0700,697.7000,0.3609950504596,0.6390049495404,0.354203140923463,0.645796859076537,0.392184787930037,0.607815212069963,0.358804347826087,0.641195652173913,0.348768662295222,0.651231337704778,0.36110387014928,0.63889612985072,0.351104777815996,0.648895222184004
Nash,97793,31,0.0089,31,0.0426,37,3999,37,42.7954,49,1.1890,46,0.2024,40,0.2234,39,0.2125,50,0.1631,61,0.0560,68,5478,32,133252,16,0.0291,29,375,48,-0.1176,63,0.8170,48,0.7660,45,0.7568,64,0.7522,53,0.2140,52,4419,75,989,27,0.7837,27,50715,36,0.8728,36,5119.1480,21,5135.4450,21,0.6610,51,0.7039,42,"1,425.5992",72,21.3769,34,0.1836,83,0.1607,67,0.1131,53,2522,74,0.4367,46,9736,14066,0.1420,22,0.1160,23,0.3516,69,34212,75,0.0988,69,5434,74,0.1390,63,0.1330,44,163,61,154,68,44,54,41,72,0.6300,54,0.6700,55,628.7560,89,61.1861,35,93844.1864,83,9132.2593,41,0.0615,42,395.7511,33,0.0675,540.4000,0.407493990978236,0.592506009021764,0.417422529591701,0.582577470408299,0.493283789266876,0.506716210733124,0.504890457896376,0.495109542103624,0.499097821884263,0.500902178115737,0.501158882836945,0.498841117163055,0.491114576714993,0.508885423285007
New Hanover,242708,12,0.0221,12,0.1365,12,29145,12,39.8038,74,2.0048,19,0.1720,78,0.1927,78,0.1908,75,0.1573,72,0.0648,39,15733,8,1898,99,1.1593,1,60,99,0.0169,20,0.9090,13,0.8540,10,0.9001,4,0.8792,7,0.1550,21,6223,86,1132,8,0.8970,8,60943,12,1.0488,12,15236.9270,8,14802.6680,8,0.6775,47,0.6562,48,"3,567.0013",10,95.9773,10,0.0919,13,0.1081,23,0.0583,7,3402,79,0.6511,6,37989,52293,0.1410,21,0.1170,27,0.2120,10,50761,84,0.0734,24,10859,91,0.1110,6,0.1260,29,79,20,186,72,40,44,93,88,0.4500,16,0.4500,16,952.2972,30,227.9752,9,211621.6082,14,50661.1549,6,0.0040,98,176.5818,79,0.0700,192.3000,0.445201003115738,0.554798996884262,0.439578364618217,0.560421635381783,0.492983177682593,0.507016822317407,0.476889459398548,0.523110540601452,0.47947292683615,0.52052707316385,0.510840432844928,0.489159567155072,0.50316240503645,0.49683759496355
Northampton,15867,86,0.0014,86,-0.2090,93,-4193,93,38.6181,82,-5.3903,100,0.1929,60,0.1962,74,0.2007,58,0.2116,23,0.0807,19,1280,81,171478,7,0.0077,37,257,67,-0.0551,43,0.6330,100,0.5290,100,0.6642,94,0.6071,96,0.2930,86,846,22,913,41,0.7235,41,47614,56,0.8194,56,505.7900,83,529.2710,83,0.8556,26,0.8678,28,"1,598.3087",64,3.7800,76,0.2497,97,0.2642,99,0.1001,47,338,14,0.3950,62,1334,2944,0.1470,30,0.1270,44,0.4321,84,6997,22,0.1046,75,1032,19,0.1170,12,0.1150,9,62,7,12,10,10,1,2,2,0.8300,90,0.8350,88,1418.9063,4,22.9764,77,169928.9036,26,2751.6587,78,0.1277,16,283.8090,50,0.0675,536.7000,0.673960880195599,0.326039119804401,0.637442922374429,0.362557077625571,0.652827690561755,0.347172309438245,0.674941670555296,0.325058329444704,0.631708821714991,0.368291178285009,0.592460155292195,0.407539844707805,0.572944006999125,0.427055993000875
Onslow,214782,13,0.0196,13,0.1165,15,22409,15,25.4408,100,-0.9231,90,0.3169,1,0.2740,3,0.1048,100,0.0851,100,0.1553,1,33349,4,53032,67,0.0107,33,342,54,0.0059,23,0.9130,10,0.8710,7,0.8851,11,0.8711,10,0.1620,24,8137,91,857,73,0.6791,73,51585,31,0.8877,31,9039.2440,13,9098.9870,12,0.3191,94,0.3453,91,null,null,null,null,0.1427,50,0.1064,22,0.0498,2,2909,75,0.4597,37,26855,29424,0.1570,50,0.1340,60,0.2597,23,55151,87,0.0760,27,9090,88,0.1070,4,0.1120,6,139,50,275,85,47,62,92,87,0.6550,61,0.6550,50,650.0196,84,138.0499,16,99239.6318,78,21076.3145,20,0.0114,92,205.8380,69,0.0700,762.1000,0.343146427855377,0.656853572144623,0.302907915993538,0.697092084006462,0.39172710287884,0.60827289712116,0.364457059507618,0.635542940492382,0.320557873929277,0.679442126070723,0.344961901512567,0.655038098487433,0.393671947398614,0.606328052601386
Orange,151635,21,0.0138,21,0.0786,27,11045,27,38.0704,87,3.8049,3,0.1560,93,0.1959,75,0.1771,83,0.1161,92,0.0386,100,5851,31,53068,66,-0.2409,89,687,22,0.0015,27,0.9240,6,0.8820,5,0.9209,2,0.9115,2,0.1140,8,3089,61,1442,3,1.1426,3,77568,2,1.3349,2,9678.5200,10,9307.9490,10,0.7203,39,0.8892,25,"5,343.5025",2,102.9426,8,0.0467,1,0.0425,1,0.0521,4,1790,57,0.8079,1,27739,34134,0.1230,8,0.0950,7,0.1515,2,22749,61,0.0387,3,3793,64,0.1000,2,0.0870,1,74,13,110,58,24,12,36,65,0.8629,95,0.8353,89,1271.8840,10,190.9975,13,152266.7262,35,22865.7420,18,0.0368,67,775.7087,12,0.0750,397.6000,0.632965548299932,0.367034451700068,0.673827358238721,0.326172641761279,0.726401339237499,0.273598660762501,0.714488335100742,0.285511664899258,0.763544852191641,0.236455147808359,0.759150053718515,0.240849946281485,0.758771014492754,0.241228985507246
Pamlico,12139,91,0.0011,91,-0.0447,67,-568,67,50.3960,7,0.4697,72,0.1441,98,0.1656,98,0.3130,5,0.2598,7,0.1129,6,1370,78,54675,64,0.2638,5,81,94,-0.1900,83,0.8270,46,0.7380,57,0.7715,55,0.7679,46,0.2740,77,458,8,683,100,0.5412,100,52301,30,0.9000,30,287.8780,91,297.3950,91,1.2432,7,1.2340,4,"2,786.6667",20,4.5144,74,0.1853,85,0.1365,49,0.0666,15,159,5,0.3178,93,759,1377,0.1510,38,0.1230,36,0.2746,27,3344,5,0.0831,39,549,7,0.1480,76,0.1440,63,244,88,31,29,102,100,13,29,0.6450,57,0.6250,44,1038.5021,20,12.6469,88,166160.3392,29,2023.5006,87,0.0506,53,87.7904,96,0.0675,336.5000,0.421823790244843,0.578176209755157,0.388260724975058,0.611739275024942,0.426062152829905,0.573937847170095,0.395192594804419,0.604807405195581,0.365046227259171,0.634953772740829,0.358767521819624,0.641232478180376,0.338519924098672,0.661480075901328
Pasquotank,40933,61,0.0037,61,0.0354,47,1398,47,37.8011,89,1.1122,48,0.2181,21,0.2278,30,0.1752,86,0.1459,82,0.0930,11,3805,45,95870,36,0.3283,4,133,85,0.0556,12,0.8720,23,0.7870,36,0.8224,30,0.7775,41,0.2280,60,1931,45,920,37,0.7290,37,47234,59,0.8129,59,1609.1080,58,1588.6030,57,0.9056,23,0.7004,43,"2,149.8297",40,11.3640,53,0.0982,19,0.1247,32,0.0746,21,808,36,0.4671,35,5061,4760,0.1330,16,0.1090,16,0.3289,57,13475,42,0.0899,53,2156,41,0.1120,8,0.1320,42,201,80,80,52,35,36,14,31,0.6200,50,0.6200,43,680.5118,77,27.8826,66,109759.9630,65,4497.1950,64,0.0576,45,219.2369,65,0.0700,226.9000,0.543034112970324,0.456965887029676,0.513793864489075,0.486206135510925,0.569085872576177,0.430914127423823,0.57393245883338,0.42606754116662,0.512950282822269,0.487049717177731,0.501581471278441,0.498418528721559,0.475405755252415,0.524594244747585
Pender,69485,40,0.0063,40,0.2649,22,14550,22,42.2726,54,0.7920,61,0.1956,53,0.2110,56,0.1973,61,0.1713,56,0.0760,24,5279,34,78903,43,0.2236,9,354,51,0.0536,13,0.8640,29,0.7920,33,0.8386,22,0.8252,19,0.1390,14,1994,48,869,68,0.6886,68,49887,38,0.8585,38,1777.1860,54,1749.3110,53,1.2092,10,0.9012,23,"2,320.5929",31,25.0415,31,0.1072,25,0.1215,28,0.0908,37,1342,45,0.5122,23,7567,12441,0.1380,20,0.1110,18,0.2751,28,18528,49,0.0632,15,2551,45,0.1330,48,0.1240,24,70,11,44,33,37,37,23,49,0.7375,76,0.7375,70,1048.5708,19,70.6328,29,142179.0914,43,9577.3258,38,0.0346,68,291.7661,48,0.0675,871.3000,0.455740267121341,0.544259732878659,0.410835876966424,0.589164123033576,0.421126461211477,0.578873538788523,0.397212256175512,0.602787743824488,0.346534286666914,0.653465713333086,0.348080406187832,0.651919593812168,0.323619552231053,0.676380447768947
Perquimans,13209,90,0.0012,90,-0.0113,60,-151,60,47.1627,14,-0.4955,85,0.1748,75,0.1950,76,0.2905,10,0.2509,8,0.0991,8,1309,80,78264,44,-0.0256,45,137,83,-0.0805,50,0.8090,53,0.7260,62,0.7969,44,0.7604,51,0.2300,63,553,11,820,92,0.6498,92,53355,28,0.9182,28,283.8810,92,285.9610,93,0.9730,19,0.7500,36,"2,060.5143",44,3.3895,77,0.0985,21,0.1243,31,0.0903,35,223,7,0.3814,69,942,2147,0.1550,45,0.1230,36,0.3121,50,4109,10,0.0823,36,590,9,0.1250,29,0.1190,13,89,24,12,10,67,90,9,24,0.5200,26,0.6400,47,936.0772,33,12.3235,91,146262.0678,39,1925.5401,89,0.1096,21,186.7974,76,0.0675,247.2000,0.476894205958245,0.523105794041755,0.399311183144246,0.600688816855754,0.429767441860465,0.570232558139535,0.419237197994226,0.580762802005774,0.356988916256158,0.643011083743842,0.336984448951995,0.663015551048005,0.300649264608454,0.699350735391546
Person,39272,63,0.0036,63,0.0159,52,615,52,43.0850,45,0.5551,67,0.1998,45,0.2162,49,0.2198,44,0.1720,54,0.0554,69,2174,68,88571,38,0.0776,22,364,50,-0.0738,47,0.8460,40,0.7860,37,0.7829,49,0.7919,36,0.2030,43,1611,41,926,36,0.7338,36,45304,72,0.7796,72,1537.2050,60,1472.5980,61,0.6411,54,0.5826,64,"2,247.2982",36,11.9466,52,0.1718,75,0.1778,82,0.0828,29,734,32,0.4209,52,3733,5871,0.1570,50,0.1340,60,0.3248,55,12743,39,0.0851,44,1930,38,0.1220,21,0.1220,18,175,64,69,45,25,15,10,25,0.7225,70,0.7225,63,1000.9949,23,39.2680,56,138546.0092,46,5435.0214,57,0.0895,28,341.3907,39,0.0675,392.3000,0.428595715742945,0.571404284257055,0.408542614198141,0.591457385801859,0.457133578696688,0.542866421303312,0.445067146029396,0.554932853970604,0.41187296245662,0.58812703754338,0.39101113215391,0.60898886784609,0.380434782608696,0.619565217391304
Pitt,177440,17,0.0162,17,0.0474,30,8033,30,32.8325,98,0.4810,71,0.2169,23,0.2245,36,0.1505,90,0.1140,93,0.0624,48,11071,16,151433,9,-0.1876,80,367,49,-0.2322,89,0.8550,36,0.8080,26,0.8295,25,0.8076,28,0.2290,61,8259,92,1086,10,0.8605,10,53495,27,0.9206,27,9399.4000,11,9243.0130,11,0.5100,71,0.5033,69,"2,014.9290",47,48.7895,17,0.0814,12,0.0895,14,0.0808,27,3519,81,0.5974,10,26034,31722,0.1560,46,0.1310,50,0.3426,65,60491,90,0.0929,60,9700,90,0.1260,31,0.1230,22,98,29,177,71,50,70,91,86,0.5663,34,0.6841,58,644.9627,86,113.8824,19,94279.0086,82,16647.0331,27,0.0383,64,487.0567,23,0.0700,652.4000,0.45910394850386,0.54089605149614,0.465747281085323,0.534252718914677,0.544163486859784,0.455836513140216,0.536056983998873,0.463943016001127,0.539560085144811,0.460439914855189,0.547950924229422,0.452049075770578,0.530186748529036,0.469813251470964
Polk,19660,80,0.0018,80,-0.0092,61,-183,61,51.3222,4,1.2168,43,0.1481,97,0.1731,96,0.3116,6,0.2691,3,0.0727,29,1430,76,24076,86,-0.1727,78,274,62,-0.0249,34,0.8080,54,0.7730,43,0.8073,35,0.7945,34,0.1950,40,591,12,832,88,0.6593,88,61494,11,1.0583,11,532.7550,82,509.0810,84,1.3284,5,1.0341,11,"3,034.8768",16,6.1578,68,0.1666,69,0.1366,50,0.0803,25,285,11,0.5187,20,1841,3478,0.1540,44,0.1220,34,0.2536,21,4976,15,0.0855,45,889,16,0.1310,45,0.1410,60,111,36,23,22,58,83,12,28,0.5343,28,0.5343,24,1011.5937,21,19.8454,78,189330.6521,19,3714.2887,72,0.0897,27,314.2677,45,0.0675,237.7000,0.380312652662433,0.619687347337567,0.424218662484597,0.575781337515403,0.423262083574042,0.576737916425958,0.391550395160503,0.608449604839497,0.355612682090831,0.644387317909169,0.370115507495699,0.629884492504301,0.373202412246791,0.626797587753209
Randolph,146358,22,0.0133,22,0.0285,36,4050,36,41.2224,63,0.5297,69,0.2059,35,0.2311,25,0.1956,69,0.1597,68,0.0576,62,8432,25,131301,17,-0.1115,67,1238,1,-0.0950,56,0.8550,36,0.7570,48,0.7917,46,0.7644,49,0.1760,32,5545,80,898,51,0.7116,51,46748,64,0.8045,64,4187.6820,27,4171.8910,27,0.4613,79,0.4282,82,"1,415.0733",73,30.3845,24,0.1614,62,0.1305,41,0.1426,81,4839,90,0.3604,81,12226,21511,0.1610,62,0.1350,62,0.3302,58,48123,81,0.1007,70,8668,85,0.1610,85,0.1510,76,246,89,353,89,79,95,114,91,0.5000,21,0.5000,21,591.0996,95,86.1350,26,118219.9142,58,17227.0059,26,0.0581,44,831.0130,11,0.0700,782.3000,0.268541051388069,0.731458948611931,0.255553146618838,0.744446853381162,0.285898418449105,0.714101581550895,0.246491915972836,0.753508084027164,0.210685998978028,0.789314001021972,0.215385039717564,0.784614960282436,0.211810166250598,0.788189833749402
Richmond,42299,60,0.0039,60,-0.0530,86,-2369,86,41.4296,61,0.9897,53,0.2247,15,0.2338,22,0.1962,65,0.1624,63,0.0626,46,2650,66,57946,63,-0.0207,43,261,65,0.1013,6,0.7960,64,0.7280,60,0.7082,80,0.6863,81,0.3060,89,2996,60,844,82,0.6688,82,46009,68,0.7918,68,2002.7690,45,1797.0470,51,0.6708,49,0.5908,60,"1,355.9543",77,8.6944,62,0.1625,65,0.1712,78,0.1492,88,1561,52,0.3655,78,3824,4390,0.1820,95,0.1660,97,0.5296,97,22506,60,0.1401,93,3338,58,0.1310,45,0.1490,73,500,100,224,78,83,96,37,68,0.7500,78,0.8300,87,727.5146,70,30.9157,65,87652.3574,89,3724.7869,71,0.0522,51,109.3218,91,0.0675,473.7000,0.558881532610227,0.441118467389773,0.52094208302262,0.47905791697738,0.507550817787532,0.492449182212468,0.514867955915991,0.485132044084009,0.450169455623809,0.549830544376191,0.425281772250291,0.574718227749709,0.394918348716908,0.605081651283092
Robeson,118737,25,0.0108,25,-0.0679,100,-8645,100,37.3694,91,1.2103,44,0.2266,13,0.2491,11,0.1769,84,0.1353,88,0.0628,45,7457,28,263080,2,-0.0025,41,732,19,0.0139,22,0.7030,96,0.5910,93,0.6519,96,0.5957,99,0.3500,97,10165,94,852,78,0.6751,78,41071,96,0.7068,96,3845.9130,29,3830.3960,29,0.5161,68,0.6690,46,638.1125,91,13.3608,48,0.2066,94,0.2196,95,0.2051,95,5796,95,0.3228,92,9123,14651,0.2040,99,0.1800,100,0.5909,100,69490,93,0.1742,99,11874,92,0.1690,89,0.1970,96,286,96,373,91,87,97,114,91,0.7500,78,0.7700,76,542.6153,98,63.8094,32,70469.5203,99,8286.9337,45,0.0385,63,198.8099,72,0.0700,947.3000,0.603417357469125,0.396582642530875,0.528999023003819,0.471000976996181,0.569459879973327,0.430540120026673,0.587980610852275,0.412019389147725,0.478053195233546,0.521946804766454,0.40618459830009,0.59381540169991,0.360711590296496,0.639288409703504
Rockingham,91571,32,0.0083,32,-0.0041,64,-379,64,44.2924,32,0.6648,65,0.1876,65,0.2091,63,0.2232,42,0.1816,40,0.0516,81,4725,38,109295,24,-0.1229,72,769,16,-0.0889,53,0.7720,79,0.6960,76,0.7183,77,0.7115,76,0.2290,61,4170,74,854,76,0.6767,76,45332,71,0.7801,71,2796.1000,35,2763.8620,35,0.4398,82,0.4055,84,"1,337.7410",79,15.8348,39,0.1629,66,0.1888,88,0.1430,82,2914,77,0.3838,67,7820,12094,0.1700,80,0.1400,74,0.3403,64,31164,73,0.0950,64,5070,72,0.1420,68,0.1330,44,235,85,214,77,75,93,68,82,0.5801,38,0.6950,62,655.4812,83,60.0237,37,94313.8368,81,8636.5067,44,0.0526,50,311.6284,46,0.0700,565.6000,0.411303080120351,0.588696919879649,0.387174671317413,0.612825328682587,0.419278806434368,0.580721193565632,0.393260859108182,0.606739140891818,0.346534171172488,0.653465828827512,0.338147294525617,0.661852705474383,0.319117317753395,0.680882682246605
Rowan,153047,20,0.0139,20,0.0910,24,12761,24,41.0069,64,1.1877,47,0.2106,29,0.2281,29,0.1982,60,0.1592,69,0.0577,61,8828,24,104888,30,-0.1180,70,801,14,-0.1341,72,0.8730,21,0.8070,28,0.7996,39,0.7932,35,0.2310,64,7360,89,1058,13,0.8384,13,46990,60,0.8087,60,5809.9350,19,5680.4310,19,0.3403,90,0.3665,90,"2,236.3756",37,41.1091,19,0.1237,36,0.1277,36,0.1314,72,4662,88,0.4104,56,14562,19840,0.1560,46,0.1320,55,0.3285,56,49960,83,0.0783,29,6817,80,0.1450,71,0.1290,36,253,91,360,90,75,94,107,90,0.5800,37,0.5800,32,761.8304,62,115.8470,18,131350.0605,53,19973.6156,21,0.0593,43,984.3807,5,0.0700,511.6000,0.339876292424623,0.660123707575377,0.324007744433688,0.675992255566312,0.384454817395878,0.615545182604122,0.368742368742369,0.631257631257631,0.311846969940524,0.688153030059476,0.31920564555109,0.68079435444891,0.318895368322274,0.681104631677726
Rutherford,65035,43,0.0059,43,-0.0103,69,-677,69,43.4341,43,0.4542,73,0.1951,54,0.2130,54,0.2217,43,0.1932,29,0.0685,33,4453,41,63632,58,0.0619,25,614,26,-0.0097,29,0.8050,57,0.7020,73,0.7549,66,0.7284,66,0.2140,52,2722,54,872,65,0.6910,65,42525,90,0.7318,90,1834.7920,50,1800.3950,50,0.6335,56,0.6009,56,null,null,null,null,0.1665,68,0.1374,52,0.1199,59,1737,56,0.3684,76,5338,9547,0.1840,97,0.1600,94,0.3710,75,23898,64,0.1049,76,3853,66,0.1400,65,0.1360,53,278,95,186,72,69,92,46,74,0.4540,17,0.4540,17,768.5780,58,49.5110,43,169290.3125,27,10905.5126,35,0.0257,79,207.9682,68,0.0700,565.4000,0.358801044191684,0.641198955808316,0.333673094956578,0.666326905043422,0.339352340725097,0.660647659274903,0.330909347641909,0.669090652358091,0.255658033556819,0.744341966443181,0.268471169105978,0.731528830894022,0.259354087867326,0.740645912132674
Sampson,59770,47,0.0054,47,-0.0374,84,-2325,84,39.7469,75,0.1973,79,0.2390,8,0.2508,9,0.1960,67,0.1609,65,0.0550,73,3289,47,292205,1,-0.0300,50,882,8,-0.0813,51,0.7760,78,0.6420,88,0.7061,82,0.6573,89,0.2570,74,3634,70,908,43,0.7195,43,46849,62,0.8062,62,1801.8290,51,1893.8690,46,0.6970,42,0.6488,50,"1,316.5464",81,14.0318,46,0.1816,79,0.1358,48,0.1782,93,2462,72,0.3695,73,5104,6997,0.1650,71,0.1250,39,0.4268,83,25363,67,0.1102,81,3565,60,0.1770,93,0.1790,93,148,52,94,56,25,14,16,36,0.6250,52,0.8250,86,732.9643,66,43.5564,50,88844.1546,86,5279.5639,59,0.1369,14,590.4879,19,0.0700,945.9000,0.457190530816561,0.542809469183439,0.433682412692705,0.566317587307295,0.457447630826312,0.542552369173688,0.445051562259504,0.554948437740496,0.41548158361237,0.58451841638763,0.386439722310322,0.613560277689678,0.350205540661305,0.649794459338695
Scotland,33130,70,0.0030,70,-0.0652,83,-2309,83,40.6023,67,0.7224,62,0.2280,12,0.2387,17,0.2082,54,0.1597,67,0.0648,41,2146,69,51025,68,-0.0698,59,121,89,0.1204,5,0.7940,65,0.6130,91,0.6800,93,0.6231,95,0.3430,95,2648,53,911,42,0.7219,42,41064,97,0.7067,97,1184.9570,67,1155.5410,66,1.0561,16,0.9677,15,"1,904.7619",52,10.0000,57,0.1623,63,0.1699,76,0.1641,91,1393,50,0.3150,94,2675,3632,0.1940,98,0.1790,99,0.5031,96,16774,47,0.1518,97,2755,48,0.1330,48,0.1430,61,322,98,112,60,57,81,20,41,0.9900,100,0.9900,99,762.0125,61,25.4063,72,76970.9630,95,2566.2889,79,0.0622,41,105.1720,93,0.0675,319.1000,0.600725952813067,0.399274047186933,0.554003643619329,0.445996356380671,0.575798248092682,0.424201751907318,0.584864018225829,0.415135981774171,0.539152854511971,0.460847145488029,0.490210792004912,0.509789207995088,0.46511948212933,0.53488051787067
Stanly,64286,44,0.0059,44,0.0658,38,3971,38,42.4598,52,0.9358,54,0.1999,44,0.2153,50,0.2099,52,0.1738,52,0.0507,84,3257,49,109164,26,0.1387,16,649,24,-0.0342,37,0.8610,31,0.8140,22,0.7951,45,0.7836,39,0.1900,38,2594,52,853,77,0.6759,77,48212,54,0.8297,54,1869.7350,48,1812.0860,49,0.7347,38,0.7143,41,"1,593.2406",65,15.0004,42,0.1271,40,0.1211,27,0.1367,74,2081,62,0.4111,55,6257,8845,0.1530,39,0.1250,39,0.3017,42,19237,51,0.0846,43,3086,53,0.1360,55,0.1280,33,194,76,122,62,35,34,22,47,0.6100,47,0.6100,39,674.6155,79,43.0081,51,110592.6982,64,7050.5057,50,0.0744,36,405.6380,30,0.0700,395.1000,0.31246130715486,0.68753869284514,0.300424128180961,0.699575871819039,0.314744566951466,0.685255433048534,0.2975472031057,0.7024527968943,0.244132424805561,0.755867575194439,0.242028165659332,0.757971834340668,0.243990219511525,0.756009780488475
Stokes,46036,55,0.0042,55,0.0066,57,302,57,45.9137,23,1.8809,21,0.1743,77,0.1975,73,0.2296,34,0.1796,43,0.0581,59,2674,65,81361,42,-0.1242,73,726,20,-0.1519,76,0.8110,50,0.7010,75,0.7876,47,0.7571,52,0.1540,19,1259,31,741,98,0.5872,98,46391,65,0.7983,65,1208.3060,66,1111.6890,67,0.6791,46,1.0296,12,"2,710.5059",21,14.8725,44,0.1630,67,0.1749,80,0.0883,33,811,37,0.3896,65,3578,6168,0.1570,50,0.1380,69,0.2857,35,13035,40,0.0823,35,2209,43,0.1280,39,0.1370,55,173,63,79,51,53,75,24,53,0.7100,68,0.6600,52,720.9370,71,32.8928,63,109232.8842,67,4983.7503,61,0.1068,22,397.8483,32,0.0675,449.3000,0.294876304373315,0.705123695626685,0.298036175710594,0.701963824289406,0.321818096709264,0.678181903290736,0.283133380381087,0.716866619618913,0.214177494146274,0.785822505853726,0.207881075979235,0.792118924020765,0.199792038027332,0.800207961972668
Surry,71249,38,0.0065,38,-0.0165,78,-1196,78,42.2362,57,0.0246,80,0.2024,41,0.2195,43,0.2066,55,0.1823,37,0.0459,94,3267,48,105791,29,-0.3061,92,933,6,-0.1231,66,0.7800,77,0.6560,83,0.7515,69,0.7205,72,0.2270,58,3330,63,906,44,0.7179,44,48778,46,0.8394,46,2526.7100,40,2546.1330,39,0.6555,53,0.6247,55,null,null,null,null,0.1434,57,0.1620,70,0.1447,84,2312,69,0.4238,50,6771,10855,0.1790,92,0.1450,83,0.3387,63,24130,65,0.0950,65,3924,68,0.1510,79,0.1470,69,162,59,116,61,46,61,33,62,0.5520,31,0.5520,27,590.4163,96,42.0654,52,106959.4797,70,7620.5420,48,0.0825,30,442.4232,24,0.0700,532.6000,0.334959841091631,0.665040158908369,0.320729210922714,0.679270789077286,0.358671460366376,0.641328539633624,0.31382813845359,0.68617186154641,0.24031579960846,0.75968420039154,0.240519595135001,0.759480404864999,0.231669266770671,0.768330733229329
Swain,13857,89,0.0013,89,-0.0539,71,-789,71,39.9228,72,-0.7474,87,0.2309,9,0.2326,24,0.2021,57,0.1823,38,0.0666,35,923,89,3930,97,-0.6121,98,70,97,-0.2929,95,0.7420,90,0.6030,92,0.6817,92,0.6297,94,0.2070,46,623,14,898,51,0.7116,51,51517,32,0.8866,32,701.4690,77,695.0080,77,1.2211,9,0.8382,31,418.9245,92,0.8328,91,0.1277,45,0.2028,90,0.1235,63,412,19,0.3646,79,1216,1475,0.1820,95,0.1510,92,0.4693,94,6510,18,0.1555,98,1236,25,0.2040,99,0.2420,100,189,71,27,27,98,99,14,31,0.4100,11,0.3600,6,535.4514,100,7.4283,99,148736.5075,37,2063.4216,86,0.0290,76,52.9111,98,0.0700,527.7000,0.485304327701921,0.514695672298079,0.482641660015962,0.517358339984038,0.491763056431826,0.508236943568174,0.468001430103683,0.531998569896317,0.381183822253081,0.618816177746919,0.400518657253998,0.599481342746002,0.38006902502157,0.61993097497843
Transylvania,33230,69,0.0030,69,0.0209,51,680,51,51.0920,5,1.2068,45,0.1545,95,0.1704,97,0.3330,1,0.2888,1,0.0828,18,2752,62,11537,95,-0.2143,87,142,82,-0.3395,96,0.8600,32,0.8080,26,0.8044,37,0.8003,32,0.2090,47,1037,27,902,48,0.7147,48,55406,20,0.9535,20,1795.7560,52,1712.4880,54,0.8611,25,0.9136,20,"3,679.1276",7,13.3479,49,0.1106,27,0.0993,18,0.0661,14,433,20,0.4593,38,3011,3627,0.1500,37,0.1200,31,0.2468,19,8151,28,0.0825,37,1386,29,0.1370,57,0.1550,81,151,53,52,38,20,5,7,18,0.6033,46,0.6033,38,1324.5666,6,43.7491,49,219553.5569,11,7251.6344,49,0.0332,71,222.7389,64,0.0675,378.4000,0.358875844895055,0.641124155104945,0.393786733837112,0.606213266162888,0.436255696809787,0.563744303190213,0.414702308626974,0.585297691373026,0.384002810633564,0.615997189366436,0.420517928286853,0.579482071713147,0.438428459734167,0.561571540265833
Tyrrell,3324,100,0.0003,100,-0.1663,68,-663,68,44.7857,29,2.0045,20,0.1965,51,0.1751,94,0.2386,31,0.1934,28,0.0725,30,241,99,63761,56,0.2043,10,73,96,0.0735,10,0.7540,88,0.6340,89,0.6854,89,0.6418,91,0.2810,81,200,2,826,90,0.6545,90,45079,74,0.7758,74,102.6830,100,115.0470,100,1.3846,4,0.5455,65,"1,339.9213",78,0.5963,92,0.1852,84,0.1586,65,0.3529,100,294,13,0.2593,99,216,355,0.1580,55,0.1370,66,0.3523,70,1177,1,0.0857,47,151,1,0.1740,91,0.1860,95,75,14,3,2,50,69,2,2,0.9500,99,0.9500,97,1280.2661,9,4.2774,100,134764.8518,51,450.2494,100,0.2161,1,101.6860,94,0.0675,390.8000,0.545980707395498,0.454019292604502,0.460907944514502,0.539092055485498,0.492868462757528,0.507131537242472,0.473684210526316,0.526315789473684,0.424778761061947,0.575221238938053,0.420643729189789,0.579356270810211,0.391479562464018,0.608520437535982
Union,263285,8,0.0240,8,0.2233,6,48061,6,39.8293,73,2.0153,17,0.2058,37,0.2746,2,0.1497,91,0.1132,94,0.0402,99,10583,18,212066,4,0.1363,17,882,8,-0.0784,49,0.9300,2,0.9080,2,0.8896,9,0.8915,4,0.0870,2,5386,78,1129,9,0.8946,9,67641,6,1.1640,6,8591.6250,15,8307.1840,15,0.4667,77,0.4732,74,"2,693.5918",22,122.6904,6,0.0938,14,0.0782,12,0.0916,39,5057,91,0.5784,12,31934,56704,0.1050,1,0.0760,1,0.2056,9,52848,86,0.0454,6,7192,81,0.1030,3,0.1080,4,114,39,274,84,21,6,50,76,0.5880,40,0.5880,33,916.5446,40,235.6170,8,155874.9352,31,40070.9255,10,0.0344,69,1187.8259,2,0.0675,632.7000,0.318393704828294,0.681606295171706,0.295654176398987,0.704345823601013,0.365587490622656,0.634412509377344,0.34700790767258,0.65299209232742,0.339822255651004,0.660177744348996,0.377400140968344,0.622599859031656,0.372296073167005,0.627703926832995
Vance,40712,62,0.0037,62,-0.0688,88,-3009,88,38.4137,83,-0.8960,89,0.2299,10,0.2411,16,0.1969,62,0.1622,64,0.0580,60,2362,67,38231,75,-0.4221,97,170,80,-0.2857,93,0.7990,60,0.7040,70,0.7530,68,0.7144,73,0.3150,91,3100,62,872,65,0.6910,65,43356,88,0.7461,88,1265.1220,65,1264.3060,65,0.6593,52,0.5881,63,"1,306.6867",82,9.4709,60,0.1428,52,0.1977,89,0.1792,94,1719,55,0.3370,90,3232,6312,0.1620,64,0.1430,79,0.5630,99,23062,62,0.1187,86,2782,50,0.1430,69,0.1440,63,180,65,80,52,47,64,21,45,0.7129,69,0.8900,96,657.5001,81,26.9332,69,73876.4117,98,3026.1995,75,0.0553,47,121.1591,88,0.0675,252.4000,0.560366624525917,0.439633375474083,0.560015339383868,0.439984660616132,0.633834007317543,0.366165992682457,0.642010408635312,0.357989591364688,0.62517253719135,0.37482746280865,0.597012774949573,0.402987225050427,0.567266150909274,0.432733849090726
Wake,1210000,1,0.1105,1,0.2188,1,217857,1,39.3251,79,3.4206,5,0.2059,36,0.2476,12,0.1401,97,0.1000,97,0.0454,95,55037,1,62323,60,-0.1907,82,664,23,-0.0391,40,0.9420,1,0.9140,1,0.9217,1,0.9190,1,0.0830,1,21956,98,1424,4,1.1284,4,76357,4,1.3140,4,94675.5940,2,91399.4480,2,0.3985,85,0.3718,89,"3,659.3131",8,644.2623,1,0.0811,11,0.0694,7,0.0573,5,19186,99,0.7489,2,250929,300739,0.1110,2,0.0850,2,0.1888,6,224606,99,0.0438,4,33396,99,0.0920,1,0.0950,2,104,34,1152,99,22,7,241,99,0.5135,24,0.6570,51,1146.2634,14,1363.5915,1,174469.3098,25,207548.1675,2,0.0123,91,2217.8823,1,0.0725,834.6000,0.464227703414047,0.535772296585953,0.489322731422417,0.510677268577583,0.572951778063998,0.427048221936002,0.558123702642537,0.441876297357463,0.606906727503819,0.393093272496181,0.634891119601377,0.365108880398623,0.629939082628467,0.370060917371533
Warren,18803,82,0.0017,82,-0.0643,80,-1293,80,44.1157,34,-0.8795,88,0.1747,76,0.1883,82,0.2507,23,0.2161,21,0.0588,57,1106,85,63669,57,0.0476,26,237,71,-0.1124,62,0.7410,91,0.5850,95,0.6819,91,0.6609,88,0.2730,76,877,23,748,97,0.5927,97,37601,100,0.6471,100,316.7940,89,320.0340,89,0.4958,72,0.9091,21,"3,233.1964",14,5.5643,72,0.2500,100,0.2050,92,0.1266,67,517,25,0.3378,88,1380,2475,0.1730,86,0.1380,69,0.3644,72,6829,21,0.0905,55,962,18,0.1620,86,0.1740,91,76,15,15,15,30,25,6,14,0.8100,88,0.8100,84,1240.1071,11,23.2371,76,153099.6397,33,2868.7810,77,0.0501,54,117.1724,89,0.0675,429.4000,0.675125405724402,0.324874594275598,0.645487454749719,0.354512545250281,0.698196866686373,0.301803133313627,0.689661988535284,0.310338011464716,0.666147294068765,0.333852705931235,0.630417651694247,0.369582348305753,0.596263200649878,0.403736799350122
Washington,10304,96,0.0009,96,-0.1499,82,-1817,82,46.7766,17,0.5071,70,0.2145,25,0.2208,42,0.2826,11,0.2143,22,0.0773,23,796,96,76554,46,-0.0392,52,110,90,-0.2199,86,0.6640,98,0.6280,90,0.6285,99,0.5971,98,0.3530,100,760,19,902,48,0.7147,48,45405,70,0.7814,70,276.8030,93,289.9420,92,0.9839,17,0.7200,40,"1,687.3727",62,1.6570,89,0.1860,90,0.1715,79,0.0602,10,125,1,0.3075,95,638,1124,0.1770,91,0.1660,97,0.4409,88,4596,13,0.1448,95,743,15,0.1210,19,0.1290,36,43,5,5,4,17,2,2,2,0.8500,94,0.8500,94,843.8928,45,8.7967,96,99281.5112,77,1034.9105,97,0.1627,10,138.2335,85,0.0700,346.5000,0.554894315616663,0.445105684383337,0.544470933431139,0.455529066568861,0.583982549080711,0.416017450919289,0.593803253292022,0.406196746707978,0.577872900889035,0.422127099110965,0.549781447304517,0.450218552695483,0.531324077209617,0.468675922790383
Watauga,57751,48,0.0053,48,0.1148,32,5946,32,30.0733,99,0.3607,76,0.1144,100,0.1312,100,0.1807,79,0.1467,80,0.0481,89,2777,61,29402,84,-0.4074,96,400,47,-0.2308,88,0.8910,17,0.8290,16,0.8811,13,0.8719,9,0.1280,11,820,21,880,61,0.6973,61,48445,51,0.8337,51,2369.2770,43,2308.7840,43,1.2500,6,0.7571,35,"3,187.3221",15,15.2800,41,0.0553,8,0.0566,5,0.0694,16,740,33,0.6687,5,7133,13321,0.1530,39,0.1260,42,0.1294,1,7320,23,0.0385,2,1352,28,0.1260,31,0.1330,44,77,16,43,32,25,13,14,31,0.3180,3,0.3180,2,800.7232,51,45.3065,47,251799.7597,7,14247.3340,30,0.0205,84,279.4998,52,0.0675,312.4000,0.432624884492037,0.567375115507963,0.470135197354652,0.529864802645348,0.521754712923805,0.478245287076195,0.484011465584633,0.515988534415367,0.507921681336447,0.492078318663553,0.542298799607259,0.457701200392741,0.530342682964377,0.469657317035623
Wayne,117140,26,0.0107,26,-0.0407,95,-4968,95,37.7557,90,0.8039,60,0.2449,6,0.2469,13,0.1779,82,0.1458,83,0.0909,13,10646,17,149752,10,-0.0943,63,415,44,-0.2468,91,0.8690,25,0.7990,30,0.7771,51,0.7696,45,0.2640,75,7185,87,906,44,0.7179,44,49370,44,0.8496,44,4950.9040,24,4947.2180,24,0.6136,58,0.5940,58,"1,249.5340",85,22.8565,33,0.1272,41,0.1349,46,0.1398,76,4116,84,0.4368,45,12859,20498,0.1600,57,0.1300,48,0.3931,78,45963,79,0.0928,59,6146,76,0.1480,76,0.1490,73,114,38,140,65,23,9,28,59,0.7675,80,0.7425,73,603.7418,90,70.5979,30,81312.0305,93,9508.1410,39,0.0815,31,600.9343,18,0.0675,553.9000,0.385184965790955,0.614815034209045,0.377286718886859,0.622713281113141,0.456864760292606,0.543135239707394,0.457540967520361,0.542459032479639,0.441492597850335,0.558507402149665,0.440881945961693,0.559118054038307,0.417321672386435,0.582678327613565
Wilkes,66315,42,0.0060,42,-0.0206,81,-1397,81,43.9679,38,0.6706,64,0.1936,58,0.2103,60,0.2274,37,0.1910,30,0.0529,78,3511,46,114778,21,0.0756,24,871,11,-0.0655,45,0.8420,41,0.7460,52,0.7715,56,0.7488,54,0.2840,84,3583,69,876,63,0.6941,63,47495,57,0.8173,57,2459.8930,41,2437.3810,41,0.8124,30,0.9089,22,"1,813.9333",55,14.9087,43,0.1434,56,0.1553,64,0.1452,85,2103,63,0.3931,63,5694,9337,0.1750,88,0.1490,87,0.3371,62,22252,57,0.1015,72,3795,65,0.1550,80,0.1470,69,190,72,130,64,35,35,24,53,0.6600,62,0.6600,53,634.3799,88,41.8710,53,96118.1711,80,6344.0877,53,0.1182,20,635.9040,15,0.0700,753.7000,0.300432396474306,0.699567603525694,0.290550279019919,0.709449720980081,0.305728560673465,0.694271439326535,0.284268918117434,0.715731081882566,0.218427114182297,0.781572885817703,0.213970315927414,0.786029684072586,0.199800033327779,0.800199966672221
Wilson,78355,37,0.0071,37,-0.0113,74,-894,74,39.4425,78,0.4430,75,0.2215,18,0.2378,18,0.1887,76,0.1570,73,0.0621,49,4865,37,126286,18,0.0272,31,207,77,-0.2500,92,0.8000,59,0.7530,49,0.7036,83,0.7392,60,0.3060,89,5358,77,1019,18,0.8074,18,48774,47,0.8394,47,3740.0540,30,3780.1620,30,0.2709,98,0.2664,98,"2,039.9566",46,24.5448,32,0.1677,73,0.2109,93,0.1340,73,2492,73,0.3954,61,7356,11532,0.1650,71,0.1370,66,0.4109,82,32217,74,0.1105,82,4925,71,0.1600,83,0.1510,76,188,70,154,68,37,39,30,60,0.5950,43,0.7300,64,761.3824,63,59.7038,39,104298.9528,72,8178.6024,46,0.0386,62,208.9844,67,0.0675,367.6000,0.455523208798318,0.544476791201682,0.466229077781424,0.533770922218576,0.530747832662652,0.469252167337348,0.537613639290221,0.462386360709779,0.528660536645696,0.471339463354304,0.514540721457791,0.485459278542209,0.502004589122267,0.497995410877733
Yadkin,37511,66,0.0034,66,0.0011,59,40,59,43.2157,44,0.5341,68,0.1938,57,0.2187,45,0.2134,48,0.1794,44,0.0563,67,2113,70,98329,34,0.1235,18,754,18,-0.0782,48,0.8070,56,0.7170,66,0.7566,65,0.7247,70,0.1760,32,1308,35,855,75,0.6775,75,47455,58,0.8167,58,938.1470,70,940.2180,70,1.1570,13,0.7449,37,"1,652.2265",63,8.2000,63,0.1429,53,0.1459,55,0.0743,20,602,29,0.3899,64,3161,4545,0.1560,46,0.1310,50,0.3048,43,11400,38,0.0772,28,1669,32,0.1460,74,0.1540,79,186,67,70,47,50,71,19,38,0.6500,58,0.6500,48,703.1132,73,26.2950,71,108171.2620,68,4045.3889,68,0.1446,12,511.7954,21,0.0675,334.9000,0.230570712284324,0.769429287715676,0.226043099495644,0.773956900504356,0.267300425129901,0.732699574870099,0.239310553371636,0.760689446628364,0.185446009389671,0.814553990610329,0.19105402112104,0.80894597887896,0.185300822678164,0.814699177321836
Yancey,18606,83,0.0017,83,0.0479,50,850,50,45.7850,24,-0.3944,83,0.1777,73,0.1891,80,0.2573,20,0.2301,13,0.0499,86,928,88,21341,90,-0.3076,93,288,59,-0.2195,85,0.7940,65,0.7030,72,0.7587,61,0.7282,67,0.2140,52,702,16,844,82,0.6688,82,42006,91,0.7229,91,401.4300,87,413.9310,87,0.3333,91,0.4490,80,null,null,null,null,0.0555,10,0.0554,3,0.0703,17,271,10,0.4374,44,1686,3090,0.1670,74,0.1360,64,0.3089,46,5718,17,0.0941,62,960,17,0.1430,69,0.1470,69,94,27,17,17,22,8,4,7,0.5200,26,0.6000,37,813.5367,50,15.0586,82,135589.4478,49,2509.7607,80,0.0763,33,169.2870,80,0.0675,312.6000,0.427683095347766,0.572316904652234,0.473010454448475,0.526989545551525,0.470674640646312,0.529325359353688,0.429960038881089,0.570039961118911,0.333576870890304,0.666423129109696,0.329168154230632,0.670831845769368,0.326184493898062,0.673815506101938
Min,3324,1,0.0003,1,-0.2090,1,-8645,1,25.4408,1,-5.3903,1,0.1144,1,0.1312,1,0.1048,1,0.0851,1,0.0386,1,220,1,115,1,-0.9785,1,18,1,-0.4375,1,0.6330,1,0.5290,1,0.6254,1,0.5871,1,0.0830,1,198,1,683,1,0.5412,1,37601,1,0.6471,1,102.6830,1,115.0470,1,0.0000,1,0.1439,1,418.9245,1,0.5963,1,0.0467,1,0.0425,1,0.0487,1,125,1,0.2314,1,216,354,0.1050,1,0.0760,1,0.1294,1,1177,1,0.0369,1,151,1,0.0920,1,0.0870,1,35,1,2,1,10,1,1,1,0.2700,1,0.2700,1,535.4514,1,4.2774,1,69031.0743,1,450.2494,1,0,1,0.0905,1,0.0675,172.7000,0.2306,0.3028,0.2260,0.3172,0.2673,0.2382,0.2393,0.2329,0.1854,0.1895,0.1911,0.1832,0.1777,0.1853
Max,1210000,100,0.1105,100,0.4452,100,217857,100,53.5000,100,4.9425,100,0.3169,100,0.3100,100,0.3330,100,0.2888,100,0.1553,100,55037,100,292205,100,1.1593,100,1238,100,0.3814,100,0.9420,100,0.9140,100,0.9217,100,0.9190,100,0.3530,100,35626,100,1767,100,1.4002,100,79769,100,1.3727,100,129565.4660,100,127496.7340,100,2.1600,100,1.7419,100,5723.0693,92,644.2623,92,0.2500,100,0.2664,100,0.3529,100,31408,100,0.8079,100,250929,300739,0.2160,100,0.1800,100,0.5909,100,322419,100,0.1819,100,52822,100,0.2050,100,0.2420,100,500,100,1779,100,102,100,317,100,0.9900,100,1.0450,100,2248.7191,100,1363.5915,100,463592.1766,100,287458.0754,100,0.2161,100,2217.8823,100,0.0750,947.3000,0.6972,0.7694,0.6828,0.7740,0.7618,0.7327,0.7671,0.7607,0.8105,0.8146,0.8168,0.8089,0.8147,0.8223