Alamance,184114,15,0.016761855721348647,15,0.1835714010208411,13,28556,13,40.22386538,70,0.906193199999997,55,0.20509032447288092,38,0.22666143817740006,31,0.1908165593056476,74,0.15883464688412038,70,0.05138664088553831,82,9461,22,68769,51,-0.14083855975612802,75,724,21,0.005555555555555556,24,0.86,32,0.776,42,0.8228736826480629,28,0.794642995701361,33,0.15,16,5692,82,978,29,0.7749603803486529,29,48980,45,0.842898690392194,45,6674.713,18,6674.694,18,0.4743589758872986,75,0.4640151560306549,76,1970.6643661460225,49,48.827151,16,0.1248997449874878,39,0.10110276937484741,21,0.1107086688280106,52,4646,87,0.4767669,30,20008,25925,0.14300000000000002,23,0.114,22,0.31200039692602843,49,56595,88,0.07279039326162427,23,7674,83,0.14,65,0.145,65,167.5,62,284,86,34.2,31,58,78,0.469,18,0.432,13,601.3887110259435,91,109.08830384784,20,139210.34977452396,45,25251.922187,16,0.020564368163460574,83,442.160519,25,0.0675
Alexander,36464,67,0.0033197057639465606,67,-0.009749341444206068,63,-359,63,44.22538293,33,1.7992880400000004,25,0.18437362878455463,68,0.20821225864269613,65,0.21632294866169371,47,0.17709040545311355,49,0.05347740236946029,77,1950,72,50799,69,-0.06181435378421305,57,535,32,-0.016544117647058824,30,0.836,42,0.74,55,0.7721822541966427,54,0.7441597854471028,57,0.209,47,1467,39,841,85,0.6664025356576863,85,48035,55,0.8266361493056154,55,884.399,71,843.864,71,0.3487179577350616,88,0.3383084535598755,93,1734.01315171442,59,7.383428,65,0.1670317649841309,72,0.16309943795204163,71,0.1145170629024506,54,990,40,0.3691151,75,3191,4753,0.149,34,0.116,23,0.2939509806618436,39,10686,34,0.08339933839630993,40,1790,36,0.129,41,0.125,26,162.7,60,61,41,29.3,23,11,26,0.65,58,0.67,55,744.9967501389157,65,27.082866857800003,68,111193.54479685308,63,4042.218934,69,0.07600592863911458,34,272.126608,56,0.07
Alleghany,11464,93,0.0010436898551416018,93,0.049432442328817286,54,540,54,45.93081761,22,-1.0351687900000002,91,0.1674808094905792,83,0.18500549249359208,87,0.2668353105373343,18,0.24047967777370927,11,0.07248778785764132,31,831,94,63298,59,-0.103338857960421,65,435,40,-0.029017857142857144,36,0.792,69,0.764,46,0.7166295321045169,78,0.7247967479674797,69,0.253,72,458,8,779,96,0.6172741679873217,96,44464,80,0.7651826739403534,80,302.981,90,303.326,90,1.126984119415283,14,0.9863013625144958,14,2170.788154897494,39,2.858928,83,0.1431670337915421,55,0.1596638709306717,66,0.2227635085582733,97,503,22,0.3773251,70,852,1066,0.18,93,0.158,93,0.310869945737791,47,3552,9,0.0921311475409836,56,562,8,0.184,95,0.17,89,134.7,48,15,15,44.9,57,5,10,0.597,44,0.597,36,1093.0464378872746,16,12.489148599299998,89,183089.8555925083,24,2091.98469,85,0.17075155115466117,8,366.6975,37,0.07
Anson,22059,75,0.0020082653972931432,75,-0.12248388893308934,90,-3079,90,40.29137931,69,0.31554849000000473,78,0.21084364658416066,28,0.21043838014161828,58,0.1949317738791423,71,0.1630201288885353,62,0.0632848270547169,43,1396,77,84695,39,-0.007441696941286769,42,421,43,0.021844660194174758,18,0.834,43,0.746,52,0.7123155093152673,79,0.6906837517067534,80,0.326,94,1395,38,857,73,0.679080824088748,73,50187,37,0.8636699994837288,37,836.697,72,761.818,76,0.6094674468040466,59,1.013071894645691,13,,,,,0.1032902970910072,24,0.1552227884531021,62,0.1399257034063339,78,791,35,0.2313816,100,1308,3185,0.161,62,0.125,39,0.46013492099425,91,10163,33,0.1418405304868187,94,1754,35,0.13,44,0.128,33,159.5,57,39,31,28.6,21,7,18,0.777,82,0.777,78,783.9740500932675,55,17.31563484441,80,100897.56114456468,75,2228.524433,82,0.2061813646130005,3,346.2923,38,0.07
Ashe,27196,73,0.0024759411462343863,73,0.01926392324413462,55,514,55,48.34493671,12,1.8652855499999959,23,0.16704662450360347,86,0.18859155985308448,81,0.27095896455361085,15,0.22910576418559328,15,0.05526548021767907,70,1503,74,84498,40,-0.23036706439566446,88,760,17,-0.12037037037037036,65,0.794,65,0.704,70,0.7858411570667343,48,0.739236052940191,59,0.20600000000000002,45,911,24,859,71,0.6806656101426307,71,44433,81,0.7646491937565609,81,777.808,76,763.359,75,0.7878788113594055,33,1.2952381372451782,3,2390.492027334852,29,6.296556,67,0.05541346967220306,9,0.05606258288025856,4,0.09036777913570404,36,516,24,0.4385289,42,2504,4133,0.162,64,0.131,50,0.2790732159406858,32,7528,26,0.07966414089698956,31,1167,22,0.13699999999999998,57,0.138,57,95.6,28,26,25,25.7,17,7,18,0.44,14,0.44,14,977.1609892122335,27,26.358917684,70,222082.04300278035,10,5990.66311,55,0.07500036923753665,35,428.7048,29,0.07
Avery,17395,84,0.0015836518693464904,84,-0.020110410094637224,62,-357,62,46.12645914,20,2.2736289500000026,14,0.15263006611095142,96,0.1615592609283461,99,0.23644725495832136,32,0.19862550698512843,26,0.051279103190572,83,892,92,22598,87,-0.21203668189267408,86,335,55,-0.045584045584045586,41,0.811,50,0.709,69,0.7785835519209998,50,0.7322546176156313,65,0.205,44,502,10,808,94,0.6402535657686212,94,45653,69,0.785644220344525,69,630.17,80,631.571,79,0.7560975551605225,36,0.8536585569381714,29,2889.2455858747994,18,5.4,73,0.05513404309749603,6,0.05873642489314079,6,0.1233944967389107,62,538,26,0.387156,66,1688,1782,0.153,39,0.131,50,0.2514660227664712,20,4374,11,0.0665505545879549,20,726,13,0.155,80,0.163,87,102.5,32,18,19,28.5,19,5,10,0.4,9,0.4,9,1411.8772551454524,5,24.558192976,74,352969.3137863631,2,6139.548244,54,0.018388239100955283,87,105.4974,92,0.0675
Beaufort,43593,58,0.0039687344605013825,58,-0.06079931056770441,87,-2822,87,46.10040568,21,1.3820347999999996,38,0.19122336154887254,62,0.2134654745233222,52,0.26898814029775425,17,0.21684800172358074,20,0.07356685706420756,27,3207,50,139853,14,0.002710163111668758,38,259,66,-0.16451612903225807,81,0.811,50,0.693,77,0.7755639890364748,52,0.7359017308766053,63,0.282,82,2374,50,906,44,0.7179080824088748,44,54554,25,0.9388218692457279,25,1861.636,49,1876.283,47,0.5158730149269104,69,0.4664310812950134,75,2589.940648379052,23,15.578493,40,0.1856655329465866,88,0.13539139926433563,47,0.1211434751749039,60,1123,42,0.4050701,60,3755,5588,0.157,50,0.132,55,0.3677058353317346,73,16100,45,0.11360634081902246,83,2666,46,0.138,61,0.13699999999999998,55,80.9,22,38,30,51.1,73,24,53,0.625,52,0.625,44,921.1171515644628,37,40.331114481250005,54,147378.74425031405,38,6452.978317,51,0.06230002554300183,40,273.811556,53,0.0675
Bertie,16739,85,0.0015239292118994481,85,-0.15245569620253163,89,-3011,89,40.6009772,68,-1.3840227999999968,94,0.19445606069657687,55,0.19984810126582278,71,0.2121393153712886,51,0.1810126582278481,41,0.06481868689885895,40,1085,86,161862,8,0.09282777338923659,20,288,59,-0.10835913312693499,59,0.637,99,0.582,96,0.6940148911798396,88,0.634593501074725,93,0.349,96,996,26,812,93,0.6434231378763867,93,49409,43,0.8502813677743551,43,641.269,78,629.495,80,0.79347825050354,32,0.8910890817642212,24,1851.7865443425076,54,3.027671,79,0.1854485720396042,87,0.1846388578414917,87,0.1682502925395966,92,726,31,0.3682503,77,1589,2372,0.16,57,0.141,75,0.43601163964605977,85,7342,24,0.115027635832725,85,1103,20,0.11699999999999999,12,0.114,7,68.6,10,13,12,31.7,27,6,14,0.93,98,0.865,95,765.3820235494982,60,12.88826789455,87,88483.47093057782,87,1489.973167,94,0.1569758524553033,11,188.073989,75,0.07
Bladen,28850,72,0.0026265223587609225,72,-0.12179233508873398,91,-4001,91,38.25888325,84,-2.4801944200000037,98,0.2230155979202773,17,0.22455937414386168,35,0.19518197573656845,70,0.17713311619128794,48,0.07282495667244368,28,2101,71,146195,11,-0.1893368082510813,81,423,42,-0.173828125,82,0.804,58,0.702,73,0.6953275952924645,87,0.7015253740099736,79,0.275,79,1599,40,884,57,0.7004754358161648,57,48424,52,0.8333304651603022,52,1413.795,63,1415.802,64,0.9734042286872864,18,0.8715596199035645,27,1739.132668545415,58,8.022619,64,0.2067166566848755,96,0.22405660152435303,97,0.08788303285837173,31,565,27,0.3607093,80,2319,4501,0.175,88,0.147,85,0.4630129402809494,93,13382,41,0.11916529379461833,87,1953,39,0.145,71,0.155,81,207.8,82,68,44,58.1,84,19,38,0.785,83,0.785,79,963.3204761469794,28,27.8418884016,67,122715.98422254516,57,3546.737376,73,0.09559026044794154,24,243.207368,59,0.0675
Brunswick,166886,19,0.015193407638272973,19,0.4451631898440409,5,51407,5,53.5,1,4.224248930000002,2,0.13937058830578958,99,0.17722702829085807,91,0.32521002360893064,3,0.2671567990716927,5,0.087011492875376,14,14521,10,45150,72,0.010225314926274808,34,238,70,0.030303030303030304,17,0.926,5,0.845,12,0.9008454403677255,3,0.870308263165406,11,0.165,27,3441,67,951,32,0.7535657686212361,32,58281,16,1.0029599545681391,16,5646.957,20,5377.103,20,0.5195402503013611,67,0.49345794320106506,70,3693.9964031218187,6,54.431037,14,0.1241298168897629,38,0.15151207149028778,60,0.08108213543891907,28,2077,61,0.4827061,28,12365,22373,0.135,17,0.112,19,0.22418792416042793,12,35875,76,0.08137410306983048,33,6725,79,0.122,21,0.11699999999999999,11,77,18,110,58,45.5,59,65,80,0.342,5,0.342,5,1075.4874343235304,18,172.10165021531998,15,314470.01003612,4,50322.119946,7,0.013583939177772205,90,619.85561,16,0.0675
Buncombe,279331,7,0.025430471992895918,7,0.10676984277925701,14,26947,14,44.03940584,36,2.3936415900000014,12,0.1688033193594696,82,0.19459236718650944,77,0.22659497155704164,38,0.17984103588183087,42,0.06296830641783403,44,17589,7,78245,45,0.08246638260195895,21,1074,3,0.0009319664492078285,28,0.856,35,0.816,21,0.8260899136230702,27,0.8173317578317625,24,0.154,19,7209,88,1076,11,0.8526148969889065,11,61560,10,1.0593883907828392,10,15336.616,7,14891.71,7,0.462232232093811,78,0.4103773534297943,83,3907.7525787421946,4,113.274024,7,0.1137367486953735,28,0.11543069034814835,24,0.07171061635017395,18,5303,93,0.6034618,9,44626,57403,0.145,26,0.119,29,0.23928689025824357,15,66131,91,0.07464875807644285,25,12316,93,0.126,31,0.145,65,199.1,77,520,93,57.8,82,151,94,0.5176,25,0.498,19,924.9219367895587,36,255.61790090472,6,185727.2965440881,21,51328.895764,5,0.01875959553068086,86,843.4981,10,0.07
Burke,89581,33,0.00815551124506628,33,0.02323323471963631,45,2034,45,43.44366953,42,0.603481010000003,66,0.19036402808631295,63,0.21029846825133927,59,0.22341791228050592,40,0.18272470787120063,36,0.05828244828702515,58,5221,35,44077,73,0.1406795890375508,15,473,38,-0.0688976377952756,46,0.797,62,0.719,65,0.7607330586731069,59,0.7088690408465127,77,0.185,34,2780,55,886,56,0.7020602218700476,56,44631,78,0.7680565833175583,78,2615.833,37,2598.472,37,0.7598425149917603,35,0.6392914652824402,53,1567.9294855496228,66,18.5,37,0.1820430159568787,81,0.22161369025707245,96,0.1418063193559647,80,2911,76,0.4073948,58,8363,9970,0.172,85,0.15,90,0.33431637493131794,60,29814,72,0.1098780463463803,80,5505,75,0.146,74,0.151,76,271.9,93,246,81,44.2,56,40,71,0.56,32,0.56,28,657.3756210049452,82,58.624100505600005,40,117388.50375088306,59,10468.589376,36,0.02102122005521616,82,180.230901,77,0.0675
Cabarrus,248866,10,0.022656919006426194,10,0.2846089124498655,4,55137,4,39.60318347,76,1.8251027700000009,24,0.21796066959729332,22,0.25838671546335346,7,0.14770599439055557,93,0.12281073045336527,89,0.04499610232012408,96,11198,15,64227,55,0.008795765467196506,36,630,25,0.001589825119236884,26,0.905,14,0.887,4,0.8843782518210198,12,0.8836484952518066,5,0.099,4,5721,83,1008,21,0.7987321711568938,21,54754,24,0.942263676883099,24,8667.428,14,8456.989,14,0.4730617702007294,76,0.37840670347213745,86,2306.6177813527643,33,97.498427,9,0.1383495181798935,48,0.12857653200626373,38,0.07179243862628937,19,4383,85,0.5884424,11,35925,49862,0.115,3,0.089,3,0.24593140992531012,18,59993,89,0.06474143720617864,16,9640,89,0.10800000000000001,5,0.11599999999999999,10,155.2,55,336,88,34.2,31,74,84,0.576,36,0.74,71,982.4705608890638,26,239.66583356439997,7,132766.29201203564,52,32387.274806,12,0.03312221271069914,72,896.74677,9,0.07
Caldwell,81884,35,0.0074547714670634094,35,0.007480683104483488,53,608,53,43.87785388,40,1.033526700000003,50,0.1862879194958722,66,0.21009892219105272,61,0.21247130086463778,49,0.17618977311875583,50,0.05743490791851888,64,4703,39,35964,79,-0.053354741912558235,55,430,41,0.046228710462287104,16,0.832,45,0.781,39,0.7437422166874221,72,0.7451010223953263,56,0.239,67,3682,71,939,33,0.7440570522979397,33,44761,77,0.7702937582818496,77,2388.149,42,2394.254,42,0.6155606508255005,57,0.591792643070221,59,1401.9134223737803,74,14.8,45,0.1669895797967911,70,0.16175241768360138,69,0.1273389309644699,69,2273,66,0.3835854,68,6847,10959,0.16,57,0.135,62,0.36070987390075954,71,29492,70,0.10161256544502618,73,4852,70,0.138,61,0.14300000000000002,61,256.8,92,211,76,43.8,55,36,65,0.63,54,0.63,46,677.2034122393318,78,55.368828188100004,42,107492.60511735424,69,8788.702887,42,0.04317220424819757,59,273.1837,54,0.0675
Camden,11291,94,0.0010279398250526716,94,0.12605963897476813,49,1264,49,42.67378049,50,0.8150848399999973,59,0.18182623328314587,70,0.21841029221103023,46,0.18749446461783723,77,0.14989528273661115,76,0.10796209370294925,7,1219,83,54621,65,-0.0779554010027178,61,76,95,-0.06172839506172839,44,0.929,3,0.862,9,0.893050891242573,6,0.8728705822527333,8,0.092,3,230,3,929,34,0.7361331220285261,34,56906,19,0.9792975270612125,19,171.978,99,174.14,99,2.160000085830688,1,1.7419354915618896,1,1561.6866215512753,67,3,80,0.09865900129079819,22,0.1279296875,37,0.05086072161793709,3,130,2,0.5551643,15,1419,1683,0.12,5,0.094,6,0.17389732465654376,5,1924,3,0.04500580720092915,5,310,3,0.12300000000000001,24,0.135,48,92,25,10,6,36.8,40,4,7,0.73,72,0.73,64,1125.6163576916124,15,12.4538193815,90,154194.02160159074,32,1706.002655,92,0.12132331261012974,18,202.476255,71,0.0675
Carteret,70822,39,0.0064476799477353915,39,0.039772143350021286,42,2709,42,48.87752355,10,1.735377530000001,27,0.1547965321510265,94,0.17854154126231409,89,0.2757900087543419,13,0.22163170026279858,18,0.11359464573155234,5,8045,27,60950,62,-0.028901918297112996,48,94,92,-0.4050632911392405,98,0.911,12,0.846,11,0.855954494640626,18,0.8524953789279113,14,0.17,30,1935,46,846,80,0.6703645007923931,80,63531,8,1.0933074050491318,8,2554.588,39,2559.203,38,0.9702970385551453,20,1.0927419662475586,7,3399.033097805876,12,27.42,27,0.1181262731552124,32,0.12733277678489685,35,0.06077113375067711,11,859,39,0.545879,17,7716,11750,0.146,28,0.117,27,0.23371838279227244,13,16429,46,0.08122064509432493,32,3130,54,0.127,37,0.11699999999999999,11,181.4,66,126,63,56.1,79,39,70,0.34,4,0.34,4,850.9785303895069,44,59.8186848152,38,250287.80305573734,8,17593.730828,24,0.006282959469238515,96,97.514189,95,0.0675
Caswell,21960,76,0.0019992523742942757,76,-0.05283588527064913,79,-1225,79,45.11877395,26,1.0268384700000013,51,0.1656193078324226,88,0.18628423549708864,84,0.24121129326047358,30,0.181755445331033,39,0.05651183970856102,66,1241,82,84373,41,-0.1955435632425011,83,412,45,-0.1643002028397566,80,0.77,80,0.653,85,0.775008816268955,53,0.6676872607982505,86,0.24,68,958,25,870,67,0.6893819334389857,67,41155,95,0.7082379665800479,95,331.195,88,346.378,88,0.7532467246055603,37,0.8823529481887817,26,1331.0478927203064,80,2.779228,84,0.1718963235616684,77,0.1812702864408493,84,0.1559504866600037,90,781,34,0.3290735,91,1648,3266,0.149,34,0.128,46,0.33392162186623225,59,7379,25,0.09216093545657358,57,1198,23,0.136,55,0.138,57,79.6,21,18,19,31,26,7,18,0.585,39,0.735,68,597.2575175807766,93,13.198196623500001,85,81259.5262014662,94,1795.67301,91,0.14067368576330475,13,230.454155,60,0.0675
Catawba,168239,18,0.015316585619257498,18,0.07815794364373922,25,12196,25,42.80837234,48,2.0050815700000015,18,0.1995791701091899,46,0.2262645552828387,32,0.20321685221619243,56,0.16068006895535206,66,0.05511801663110218,72,9273,23,61631,61,-0.029891389894538014,49,608,27,-0.047021943573667714,42,0.864,29,0.81,25,0.7976474969740232,42,0.7825863701278903,40,0.16399999999999998,26,5631,81,1046,14,0.8288431061806656,14,55223,22,0.9503347157927343,22,9241.514,12,9060.348,13,0.5507649779319763,62,0.4638826251029968,77,2014.8472870344954,48,44.040532,18,0.1535285711288452,60,0.13340714573860168,44,0.09106917679309845,38,3465,80,0.4717988,32,17951,23455,0.14800000000000002,32,0.12,31,0.28636573921089153,36,47663,80,0.08188784540740895,34,7865,84,0.135,52,0.135,48,200.6,78,320,87,40.7,47,65,80,0.3985,8,0.3985,8,730.7813220148281,68,121.63197401747,17,183383.0168167699,23,30522.452702,13,0.01417341789023404,89,332.3955,41,0.07
Chatham,82500,34,0.007510852499056364,34,0.22621878715814506,20,15220,20,50.68860511,6,4.942502659999995,1,0.16007272727272728,89,0.20349286563614744,68,0.2964727272727273,8,0.21840071343638526,19,0.05355151515151515,76,4418,42,114051,22,0.07600358507476768,23,1076,2,-0.035842293906810034,38,0.847,39,0.777,41,0.85859753943015,17,0.8368408362897393,16,0.11,6,1627,42,958,30,0.7591125198098256,30,79769,1,1.3727477671272952,1,1887.232,47,1823.846,48,0.6771929860115051,48,1.071969747543335,8,3376.337129393285,13,34.39137,22,0.1190101578831673,33,0.09600389748811722,15,0.1488155871629715,87,2337,70,0.6130922,8,9628,13830,0.126,10,0.097,9,0.1697060796541529,4,13661,43,0.04832041343669251,7,2057,40,0.126,31,0.122,18,67.1,9,50,36,33.6,30,25,57,0.725,71,0.685,59,1282.4842438501578,8,103.23741666145,22,187223.9772044026,20,15071.155717,29,0.07232930739935534,37,996.768374,4,0.07
Cherokee,29361,71,0.0026730441239368958,71,0.07905181918412349,44,2151,44,52.23895028,2,2.83134158,8,0.15687476584584994,92,0.17816979051819185,90,0.3236606382616396,4,0.2687247335538405,4,0.09802118456455843,9,2878,56,25410,85,-0.03148345784418356,51,246,68,-0.11191335740072202,61,0.792,69,0.742,54,0.7988712964414485,41,0.7650549274316414,47,0.245,70,1107,28,832,88,0.659270998415214,88,40021,98,0.6887229172761534,98,822.038,75,795.76,74,0.6336633563041687,55,0.5379746556282043,66,2433.7453083109917,27,7.262296,66,0.05316455662250519,2,0.0723942443728447,9,0.07635045051574707,22,400,17,0.4779538,29,2504,4455,0.17300000000000001,86,0.147,85,0.3455443506894423,66,10074,32,0.12328218812541694,89,1848,37,0.156,82,0.14800000000000002,72,87.4,23,25,24,48.9,66,14,31,0.61,47,0.61,39,868.1325349866228,43,25.309535925000002,73,142316.80901420047,42,4149.10425,67,0.037221941904395504,66,134.10791,86,0.07
Chowan,13896,88,0.0012651006827501482,88,-0.03426228368892904,66,-493,66,42.98823529,46,-1.897971609999999,97,0.19854634427173287,49,0.2133574258113837,53,0.2506476683937824,24,0.2221836124817569,17,0.0590097869890616,56,820,95,73439,49,0.371973546555074,3,134,84,0.38144329896907214,1,0.808,54,0.69,79,0.6981981981981982,86,0.7125387249307027,74,0.253,72,684,15,904,47,0.716323296354992,47,51005,34,0.8777469927205769,34,589.147,81,576.747,81,1.202702760696411,12,1.058823585510254,9,,,,,0.09799554198980331,17,0.12279411405324936,29,0.1177394017577171,57,375,15,0.3582418,82,1141,1876,0.16699999999999998,74,0.141,75,0.3467081914970667,67,4787,14,0.09246901811248809,58,679,11,0.126,31,0.109,5,78.9,19,11,9,43,52,6,14,0.695,66,0.665,54,935.4846541355835,34,12.91623661965,86,140674.38408053885,44,1942.291221,88,0.07775430840851237,32,129.441046,87,0.0675
Clay,11924,92,0.001085568547863613,92,0.1194141945174615,48,1272,48,51.53676471,3,1.0157563100000004,52,0.1590909090909091,90,0.1752722493428464,93,0.325310298557531,2,0.27694329703342097,2,0.07891647098289165,20,941,87,14515,93,0.15888223552894212,14,178,79,0.08536585365853659,9,0.792,69,0.772,44,0.7594031071136549,60,0.739191353082466,61,0.231,64,401,6,883,58,0.6996830427892234,58,43753,86,0.7529470477894991,86,215.643,96,212.641,96,1.484848499298096,3,0.9491525292396545,18,1529.0122448979591,69,1.87304,86,0.05345211550593376,5,0.0700564980506897,8,0.1024657562375069,49,187,6,0.5441096,19,993,1376,0.163,66,0.143,79,0.2905961163402018,37,3427,8,0.08961860783307679,52,524,6,0.175,92,0.16,86,115.8,41,13,12,17.8,3,2,2,0.43,12,0.43,11,789.266574807089,52,9.3078207167,95,183550.36623420674,22,2164.609469,83,0.04435241985355872,58,87.7454,97,0.07
Cleveland,101172,29,0.009210763261024612,29,0.042215217256938005,35,4098,35,41.22512077,62,-0.4623265800000027,84,0.2078539516862373,34,0.22217071512454417,41,0.20036176017079824,59,0.16964377691245855,58,0.061963784446289485,50,6269,30,104633,31,-0.07683009678757026,60,872,10,-0.13233830845771144,70,0.765,82,0.661,82,0.7445237509229633,70,0.7023121387283238,78,0.24600000000000002,71,5409,79,979,28,0.7757527733755943,28,45126,73,0.7765750572200519,73,4463.065,25,4212.383,26,0.6638176441192627,50,0.7430657148361206,38,681.244184500864,90,10.25,55,0.1597845554351807,61,0.15111924707889557,59,0.1284549385309219,70,2993,78,0.4212017,51,9814,13358,0.16399999999999998,69,0.139,72,0.40108950654101555,80,40348,77,0.10397512395999664,74,6186,77,0.134,50,0.135,48,246.1,90,241,80,36.8,40,36,65,0.6875,65,0.6875,60,767.153320671299,59,77.17255544624999,27,111585.93755218896,62,11225.098974,34,0.04565843979400921,56,318.328216,44,0.0675
Columbus,49935,51,0.004546114176247024,51,-0.09742431089019431,97,-5390,97,42.2516835,56,1.4233359199999995,37,0.2078702313006909,33,0.22248531405332128,40,0.20907179333133072,53,0.17330320831450519,53,0.06368278762391108,42,3180,52,125177,19,-0.11272327757300822,68,447,39,-0.1303501945525292,69,0.769,81,0.666,81,0.6478498827208756,97,0.6621408711770158,87,0.292,85,2971,59,876,63,0.694136291600634,63,44109,83,0.7590734653840197,83,1448.915,61,1505.255,60,0.83152174949646,29,0.8366336822509766,32,1363.8177849837864,76,10.935091,54,0.2066188007593155,95,0.2196027785539627,94,0.1398116052150726,77,1692,54,0.3001983,97,3633,5798,0.17,80,0.145,83,0.4628947684425409,92,23129,63,0.1269863591618619,91,3612,62,0.149,78,0.159,84,133.3,46,74,49,41.4,49,23,49,0.805,87,0.805,83,710.9511085738303,72,35.52338309100001,59,88316.90789737021,88,4412.84262,65,0.0560704821767872,46,167.393,82,0.0675
Craven,105175,28,0.009575198928342462,28,0.01894999951559306,46,1956,46,37.19931102,92,0.8385411600000054,58,0.24335631091038745,7,0.24428642013582771,14,0.193135250772522,73,0.1665875468663715,59,0.12718801996672213,3,13377,12,100825,33,0.23924532940019666,8,292,58,0.19183673469387755,2,0.824,47,0.814,22,0.8104087406106721,34,0.8130791248241401,26,0.191,39,4091,73,1021,16,0.8090332805071315,16,54327,26,0.9349154175773116,26,4984.208,23,5083.471,22,0.3486370146274567,89,0.43081313371658325,81,2046.1355242821119,45,25.153144,30,0.1181037053465843,31,0.11948693543672562,26,0.08048256486654282,26,1948,60,0.4593042,39,11117,13096,0.147,30,0.12,31,0.2840896025754034,33,29651,71,0.09355762347888333,61,5228,73,0.113,11,0.13,39,200.7,79,205,75,88.1,98,90,85,0.4448,15,0.4448,15,599.8801149304411,92,62.61068735552,33,134865.13375234738,50,14076.14374,31,0.0223529247258616,81,259.47296,58,0.0675
Cumberland,343636,5,0.03128484011352403,5,0.04125179533485646,23,13614,23,33.34394761,96,1.2301281499999988,42,0.2601328149553597,3,0.2625279526819424,6,0.1490821683409189,92,0.11030476756095048,95,0.15121232932521622,2,51962,3,65919,54,-0.0011516023941207667,40,327,56,-0.026785714285714284,35,0.885,18,0.844,13,0.8227464594264073,29,0.8222312580225948,21,0.212,49,17593,96,1021,16,0.8090332805071315,16,46024,67,0.7920287735118484,67,17938.442,6,18159.314,6,0.4111776351928711,83,0.48258230090141296,73,1768.6772687776588,57,87.526532,12,0.1271606832742691,42,0.13144877552986145,42,0.05771554261445999,6,5589,94,0.4680443,34,45324,49125,0.163,66,0.141,75,0.39588242842810145,79,135737,97,0.10589378076197056,77,21149,97,0.11199999999999999,8,0.11900000000000001,13,190.2,73,638,95,55.4,78,186,96,0.799,86,0.799,82,592.7911326633264,94,203.25148123854004,11,74191.63112181805,96,25438.232946,15,0.01667330130152967,88,336.706846,40,0.07
Currituck,33670,68,0.0030653382259785184,68,0.36520293557150385,28,9007,28,43.82024793,41,1.098345909999999,49,0.19177309177309176,61,0.2138020516563273,51,0.17867537867537867,80,0.14625146981308032,81,0.08586278586278587,15,2891,55,37917,76,-0.15428023375117098,76,87,93,-0.02247191011235955,32,0.894,15,0.831,15,0.8930500540151243,7,0.8566812393081163,13,0.11699999999999999,9,794,20,841,85,0.6664025356576863,85,59381,14,1.0218898965736805,14,824.134,74,832.05,73,0.4893617033958435,73,0.4591836631298065,78,2881.4328028293544,19,13.035602,50,0.09843571484088898,20,0.1241462454199791,30,0.05846285447478294,8,410,18,0.4990731,25,3500,5255,0.121,6,0.089,3,0.16560173697270472,3,5339,16,0.03687864761521433,1,733,14,0.124,27,0.12,16,72,12,20,21,28.8,22,8,23,0.62,50,0.56,28,1503.2111611166254,3,48.4635278344,44,268430.5644851117,6,8654.201399,43,0.02884591415997662,77,228.85458,63,0.0675
Dare,37786,65,0.0034400614852041667,65,0.08148487363691004,41,2847,41,46.9814433,16,2.0188926900000013,16,0.1672577144974329,84,0.1925069406680214,79,0.25464457735669294,21,0.18497953576232862,34,0.0847933096914201,17,3204,51,115,100,-0.9784724822163984,100,18,100,-0.4375,100,0.928,4,0.907,3,0.8995087370188422,5,0.9030845514843197,3,0.10800000000000001,5,723,17,862,70,0.6830427892234548,70,76100,5,1.3096078060197216,5,2592.624,38,2541.999,40,1.563218355178833,2,0.8072289228439331,33,5723.069348968864,1,28.306301,25,0.1854467242956161,86,0.13017944991588593,40,0.05983127653598785,9,461,21,0.5619727,14,4330,5359,0.12300000000000001,8,0.1,10,0.20144969709796037,7,7615,27,0.05818115909193892,10,1284,27,0.12300000000000001,24,0.136,53,45.9,6,17,17,54,77,20,41,0.4005,10,0.4005,10,1856.6866674253329,2,70.18461271534501,31,463592.17663553875,1,17524.247869,25,5.59226263504266e-06,100,0.0905,100,0.0675
Davidson,178071,16,0.016211697155872312,16,0.09058004299336726,21,14790,21,42.12983035,59,0.3478341699999987,77,0.19999887685249143,43,0.22449029587030947,37,0.19588254123355292,68,0.1637851311542678,60,0.05501738070769525,74,9797,20,73655,48,-0.20251410257798375,84,847,12,-0.15553339980059822,78,0.85,38,0.789,34,0.8050203888659062,36,0.7898969288704184,37,0.161,23,5851,85,992,26,0.786053882725832,26,48523,50,0.8350341599408009,50,5013.955,22,4953.078,23,0.3487620949745178,87,0.3433609902858734,92,1495.3397344405519,70,34.57375,21,0.1669951826334,71,0.1553034782409668,63,0.1154736131429672,55,4591,86,0.4172997,54,16591,27490,0.153,39,0.127,44,0.2993771256934232,40,52726,85,0.0841521256268247,42,8676,86,0.135,52,0.145,65,239.2,87,401,92,60.3,86,101,89,0.54,29,0.54,25,572.2870812257622,97,100.79062845840001,23,105979.08911588187,71,18664.931196,23,0.037491024565312635,65,574.28586,20,0.07
Davie,44800,56,0.004078620508578486,56,0.09236321076758022,40,3788,40,45.09302326,27,1.4953411400000007,33,0.18247767857142858,69,0.2128157612406125,55,0.22975446428571428,33,0.1854579147566566,32,0.059821428571428574,55,2680,64,74899,47,-0.026438589421964566,47,594,28,0.005076142131979695,25,0.912,11,0.835,14,0.8738158853534127,14,0.8300518134715026,18,0.151,17,1347,37,958,30,0.7591125198098256,30,60579,13,1.0425063243215336,13,1416.538,62,1418.651,63,0.946107804775238,21,0.9396985173225403,19,2261.105693771915,35,13.541762,47,0.1428571492433548,53,0.14979098737239838,58,0.1088990420103073,51,1001,41,0.4522411,40,4157,6047,0.14800000000000002,32,0.119,29,0.24271844660194175,17,10750,35,0.0679333986287953,21,1734,34,0.12300000000000001,24,0.134,47,203.1,81,87,55,46.7,63,20,41,0.773,81,0.773,77,999.2638960819598,24,44.25739795747,48,129270.87918265974,55,5725.407239,56,0.09173563511357971,25,440.128457,26,0.0675
Duplin,49683,52,0.004523171935886271,52,-0.09603173159149214,96,-5278,96,35.83575318,93,-1.4450106100000042,95,0.2598474327234668,4,0.2579283491930642,8,0.15492220679105528,89,0.15354524117101218,74,0.057444196203932936,63,2854,58,254164,3,0.045520736493101545,27,949,5,0.1573170731707317,3,0.759,84,0.654,84,0.6845088471585588,90,0.6738097456442746,84,0.29600000000000004,88,3421,66,883,58,0.6996830427892234,58,52760,29,0.9079488547385086,29,2126.936,44,2186.078,44,0.9312320947647095,22,0.6410256624221802,52,1057.21059308595,88,10.000155,56,0.1815269589424133,78,0.1322726607322693,43,0.2110309600830078,96,2311,68,0.3728427,72,4083,6107,0.165,71,0.13,48,0.45241337262473325,89,22261,58,0.10085094108314704,71,2797,51,0.196,97,0.212,99,76.6,17,45,34,25.5,16,15,35,0.735,75,0.735,68,754.1342175815466,64,37.1071741761,57,102603.29490905396,73,5048.595126,60,0.16635466641674268,9,697.943643,14,0.07
Durham,340727,6,0.031020002902375488,6,0.15701488685447285,7,46239,7,35.43342418,95,1.6935533600000028,30,0.2230642126981425,16,0.22588017168781072,33,0.1403205498830442,96,0.10864279699003015,96,0.043967751308232106,97,14981,9,16166,92,-0.13100037628339514,74,212,74,-0.12033195020746888,64,0.917,9,0.87,8,0.8856048247200466,10,0.8569466388255937,12,0.17,30,10753,95,1767,1,1.4001584786053882,1,59070,15,1.0165378856975684,15,39750.581,3,38590.175,3,0.2978126704692841,95,0.3179769515991211,94,4903.000652162571,3,187.951627,4,0.09699299931526184,16,0.07774017006158829,11,0.0866025984287262,30,9075,96,0.7212017,3,75574,73098,0.122,7,0.096,8,0.25631766812527423,22,86458,95,0.060591514621522846,13,12749,95,0.125,29,0.135,48,188.2,69,605,94,41.1,48,132,93,0.7987,85,0.7522,74,1147.1452600093328,13,386.94127336322805,4,152505.35230116095,34,51441.275374,4,0.004845213681307539,97,204.130376,70,0.075
Edgecombe,47637,53,0.0043369027939096725,53,-0.1147842568848255,99,-6177,99,44.44511149,31,2.590410630000001,10,0.22830992715746165,11,0.23618389266733564,19,0.24147196506916893,29,0.1717396959898911,55,0.05678359258559523,65,2705,63,145050,12,-0.025967485243457766,46,243,69,-0.024096385542168676,33,0.757,87,0.643,87,0.7023255813953488,84,0.6370384378989173,92,0.318,93,3407,65,888,54,0.7036450079239303,54,43507,87,0.7487136243955326,87,1624.071,56,1588.787,56,0.5281690359115601,66,0.5960590839385986,57,2093.2536089238847,43,12.760474,51,0.1835360080003738,82,0.16957736015319824,75,0.1185607686638832,58,1351,47,0.3472576,86,3957,5762,0.16399999999999998,69,0.143,79,0.5592584096264938,98,26817,69,0.18187808896210872,100,4416,69,0.11199999999999999,8,0.114,7,134.1,47,69,45,50.5,72,26,58,0.89,96,0.95,97,701.946719025672,74,33.659047124,62,73889.1283184918,97,3543.057592,74,0.12088843082899631,19,321.813011,43,0.07
Forsyth,396317,4,0.03608095187719419,4,0.08816414841010745,10,32110,10,38.08183967,86,0.69866107,63,0.21384649157114127,26,0.23538537150576458,20,0.17614939555961515,85,0.14367928128783905,85,0.04685138411927826,91,18568,6,32956,81,-0.05301571793913968,54,482,37,-0.13464991023339318,73,0.868,26,0.812,24,0.8298387939593458,24,0.8068943439407149,29,0.21600000000000003,55,18471,97,1225,5,0.9706814580031695,5,57781,18,0.9943554354747113,18,26511.548,5,25843.672,5,0.3279236257076263,92,0.30233529210090637,95,2999.422296056979,17,163.396529,5,0.1237490847706795,37,0.11811956018209457,25,0.1062279790639877,50,10251,97,0.553658,16,53428,70763,0.145,26,0.116,23,0.3082708487478928,45,121242,96,0.08370654769873935,41,19382,96,0.129,41,0.122,18,191.5,75,732,97,48.7,65,186,96,0.6778,64,0.6778,57,784.097682399586,54,308.38326619470996,5,115682.75042779376,60,45497.678695,8,0.008197909859322788,94,295.9279,47,0.07
Franklin,80236,36,0.007304736498354987,36,0.29486000161381426,19,18271,19,42.22904483,58,1.6538078600000006,32,0.20333765392093325,39,0.22967804405712902,27,0.19362879505458896,72,0.14871298313564107,77,0.051734882097811456,80,4151,44,107923,27,-0.0004075319310530069,39,518,35,-0.03717472118959108,39,0.866,27,0.786,37,0.7971140407207343,43,0.7766045467081675,42,0.157,22,2468,51,1027,15,0.8137876386687797,15,46330,66,0.7972947391970263,66,1784.003,53,1754.881,52,0.4460641443729401,81,0.4573863744735718,79,2323.6873394495415,30,25.328192,29,0.1427462100982666,51,0.17647860944271088,81,0.1295189559459686,71,2189,65,0.469913,33,7942,12495,0.126,10,0.103,13,0.27003683145717694,26,20822,53,0.06477696620429314,17,2900,52,0.131,45,0.146,68,103.3,33,72,48,43.1,53,30,60,0.505,23,0.785,79,781.3607717428803,56,60.24916638755001,36,99536.404043679,76,7675.053043,47,0.06843334558374471,39,431.113179,28,0.0675
Gaston,243242,11,0.02214490646758143,11,0.14978681565935884,11,31688,11,40.888966,66,0.8585235200000056,57,0.20987329490795176,30,0.23070705351825066,26,0.17417633467904392,87,0.14801421859194344,78,0.05525361574070267,71,13440,11,36859,77,-0.022178007693328027,44,412,45,-0.210727969348659,84,0.858,34,0.799,30,0.8035984827540447,38,0.7720188690511733,44,0.168,29,8555,93,995,25,0.7884310618066561,25,49674,40,0.8548417628938718,40,8021.211,16,7896.842,16,0.6864407062530518,45,0.6666666865348816,47,1551.1634522520412,68,53.001704,15,0.1460354775190353,58,0.14033232629299164,53,0.07931634038686752,23,4701,89,0.4962291,26,29411,35691,0.14400000000000002,25,0.123,36,0.32363991116092744,54,77960,94,0.08698404833670534,48,12640,94,0.124,27,0.129,36,290.4,97,652,96,67.7,91,152,95,0.599,45,0.61,39,840.0806934815369,46,202.3628378493,12,137718.1464723831,47,33174.235713,11,0.007823122423940449,95,217.273718,66,0.07
Gates,10534,95,0.0009590220633340574,95,-0.0718942731277533,72,-816,72,42.82222222,47,-0.5891252999999992,86,0.17714068729827226,74,0.20149779735682818,70,0.22783368141256882,35,0.17797356828193833,47,0.07414087715967344,25,781,97,71866,50,0.23938949728378028,7,122,88,-0.1347517730496454,74,0.738,93,0.73,59,0.8139478764478765,32,0.7604570935748167,50,0.195,40,381,5,836,87,0.6624405705229794,87,49850,39,0.8578705536147585,39,184.446,97,200.571,97,1.090909123420715,15,1.4137930870056152,2,2103.2763532763533,42,2.953,81,0.09799999743700027,18,0.12554112076759338,33,0.06180811673402786,12,134,3,0.2776753,98,602,1710,0.14300000000000002,23,0.116,23,0.26816015252621545,25,2813,4,0.06003658739397971,12,361,4,0.111,6,0.107,3,34.6,1,4,3,34.6,33,4,7,0.84,91,0.84,90,815.7284250142992,49,8.556991178399999,98,97110.52678741659,79,1018.689426,98,0.20247623580294205,4,193.74429,74,0.0675
Graham,7718,98,0.0007026516313662669,98,-0.09178630265944929,70,-780,70,43.96842105,37,-1.0700404899999967,92,0.2113241772479917,27,0.21628618498470228,48,0.25861622181912414,19,0.22722993645563663,16,0.05066079295154185,85,391,98,2256,98,-0.7948717948717948,99,70,97,-0.43089430894308944,99,0.729,94,0.572,98,0.6332179930795847,98,0.6035956380783967,97,0.22699999999999998,58,348,4,882,60,0.6988906497622821,60,41336,93,0.7113528024918687,93,228.935,94,232.025,94,0.47826087474823,74,0.8444444537162781,30,1265.354147250699,84,1.357725,90,0.1274038404226303,44,0.15432098507881165,61,0.1401816159486771,79,247,9,0.3371169,89,594,1248,0.168,78,0.15,90,0.43705432386879295,87,3371,6,0.14856192060850962,96,625,10,0.198,98,0.183,94,118.5,42,10,6,23.7,10,2,2,0.59,41,0.59,34,1287.5233662517826,7,9.9306677239,94,218224.29936470895,12,1683.164021,93,0.033277034839559544,70,50.65643,99,0.07
Granville,62881,46,0.005724726254462584,46,0.08967871625134302,33,5175,33,43.94159178,39,2.33251233,13,0.18088134730681765,71,0.20597511523931653,66,0.19670488700879438,64,0.1471424115343292,79,0.048329384074680744,88,3039,53,102115,32,-0.18185605666076451,79,483,36,-0.13285457809694792,71,0.871,24,0.796,32,0.8367821436875145,23,0.8018224299065421,30,0.153,18,1840,43,1075,12,0.8518225039619651,12,46906,61,0.8072071451926551,61,3309.337,31,3213.55,31,0.5813007950782776,61,0.769911527633667,34,2272.1544715447153,34,19.0043,36,0.1718342453241348,76,0.182671919465065,86,0.1440184265375137,83,2126,64,0.4447907,41,6566,10737,0.132,15,0.102,11,0.27562876657292085,29,17151,48,0.05669140158787816,8,2185,42,0.121,19,0.131,41,124.1,43,75,50,39.7,44,24,53,0.631,56,0.84,90,731.3759170944154,67,45.509866441199996,46,87068.56155885899,91,5417.841243,58,0.0877736286151758,29,390.957699,34,0.0675
Greene,19939,79,0.0018152592482264828,79,-0.042958625323989634,75,-895,75,42.54489796,51,3.116326530000002,7,0.19654947590149957,50,0.2248248056062206,34,0.19619840513566378,66,0.14351540750695976,86,0.046140729224133606,92,920,90,97668,35,0.1721754158565565,13,210,75,0.014492753623188406,21,0.786,74,0.728,60,0.7225084645959076,75,0.7325516471245115,64,0.35200000000000004,99,1337,36,850,79,0.6735340729001584,79,38963,99,0.67051575487446,99,420.317,86,456.829,85,0.6887417435646057,43,0.6418918967247009,51,1083.771600300526,87,2.885,82,0.1677646040916443,74,0.20499342679977417,91,0.2323991805315018,98,1360,48,0.3045113,96,1782,2054,0.17,80,0.136,64,0.33443675393720534,61,6668,20,0.09444952983273695,63,1135,21,0.205,100,0.20600000000000002,98,137.6,49,29,28,23.7,10,5,10,0.786,84,0.786,81,542.584243842913,99,10.81804465374,92,69031.07428026883,100,1376.341559,95,0.19703126465763435,5,230.319977,61,0.07
Guilford,553023,3,0.05034756583740179,3,0.07894295302013422,8,40463,8,38.24099285,85,1.4893382599999967,35,0.2014238105829233,42,0.22379038551584204,38,0.1736998280360853,88,0.13748829405337912,87,0.04776474034533826,90,26415,5,94798,37,0.24159157585917854,6,775,15,-0.09250585480093677,54,0.873,21,0.763,47,0.8458827675320099,20,0.8138263712883664,25,0.212,49,24655,99,1137,7,0.9009508716323297,7,55008,23,0.9466347725825603,23,34424.943,4,34071.09,4,0.7137055993080139,40,0.6969215869903564,44,3431.5224437587362,11,260.226073,3,0.09512192010879517,15,0.09785155951976776,17,0.09243965148925781,41,12782,98,0.5766377,13,79734,112787,0.13699999999999998,19,0.11,17,0.3231489757508375,53,177878,98,0.08754902871457122,49,29218,98,0.11800000000000001,16,0.11900000000000001,13,191.2,74,1027,98,42.4,51,228,98,0.7305,74,0.7305,67,952.9297570042621,29,524.5420906025101,3,130448.97426478603,54,71805.898782,3,0.010444574039755959,93,611.416411,17,0.0675
Halifax,46342,54,0.004219005169833576,54,-0.10740013097576949,98,-5576,98,45.29953917,25,1.4946236500000012,34,0.20827758836476631,31,0.21936515274086058,44,0.2427171895904363,28,0.18452174582996264,35,0.06184454706313927,52,2866,57,183565,5,-0.1220052326220985,71,220,73,-0.34523809523809523,97,0.667,97,0.581,97,0.6557922439048612,95,0.6493314935528383,90,0.28,80,2826,56,843,84,0.6679873217115689,84,44768,76,0.7704142215491576,76,1403.492,64,1429.21,62,0.5284973978996277,65,0.5902438759803772,62,898.2532744200726,89,5.692231,71,0.2498500943183899,98,0.2543298304080963,98,0.1240517646074295,64,1390,49,0.3389558,87,3798,4692,0.17600000000000002,90,0.16,94,0.46974198926914773,95,21975,55,0.12528677528483104,90,3222,57,0.128,39,0.14,59,102,30,51,37,40,46,20,41,0.7,67,0.76,75,701.458647998119,75,32.814937012,64,92297.19052606827,85,4317.75487,66,0.1270604214273444,17,402.3789,31,0.07
Harnett,145438,23,0.013240768069791024,23,0.1679046647768793,16,20909,16,35.57238883,94,1.2375435800000005,41,0.25306316093455633,5,0.27167165881039756,4,0.1428237462011304,95,0.11747464446032652,91,0.08499154278799213,16,12361,14,109179,25,0.027451017296870002,30,563,30,-0.12441679626749612,67,0.814,49,0.789,34,0.8162732400250678,31,0.8249295402501321,20,0.166,28,5732,84,858,72,0.6798732171156894,72,44192,82,0.7605018155535287,82,2716.268,36,2722.946,36,0.4563590884208679,80,0.37671956419944763,88,1401.3957741565755,75,28.121809,26,0.1273319721221924,43,0.14406178891658783,54,0.09249302744865417,42,3647,82,0.4633781,36,18271,24501,0.149,34,0.122,34,0.3002946975639748,41,42492,78,0.07567561140900499,26,6365,78,0.126,31,0.125,26,187.5,68,255,82,44.9,57,61,79,0.591,42,0.591,35,647.8211411972353,85,91.66733930055,25,109614.40629394846,66,15510.548105,28,0.06995392163618655,38,977.2181,6,0.07
Haywood,64109,45,0.005836524155903084,45,0.08126022499198866,34,4818,34,48.58094556,11,1.6842350300000035,31,0.16994493752827217,80,0.18547502993708995,86,0.2722862624592491,14,0.23732100993405408,12,0.07772699620958055,22,4983,36,49288,70,-0.05658065998009341,56,567,29,0.04805914972273567,15,0.799,60,0.715,67,0.7586949133340886,62,0.7487337260345928,55,0.185,34,1976,47,900,50,0.7131537242472267,50,50894,35,0.8758367894818359,35,1957.137,46,1919.581,45,0.5300353169441223,64,0.4839743673801422,72,2456.193338978267,26,17.404586,38,0.1278471648693085,46,0.13468392193317413,45,0.09632464498281479,45,1334,43,0.5020579,24,6953,10766,0.153,39,0.129,47,0.29394220052430814,38,18725,50,0.07854749248902242,30,2719,47,0.134,50,0.128,33,107.5,35,67,43,56.2,80,35,64,0.55,30,0.55,26,880.6582718553287,41,56.10057389200001,41,160119.68579187794,30,10200.104344,37,0.04278130252988004,60,376.758747,36,0.07
Henderson,121587,24,0.011069357852154741,24,0.10737998305964644,26,11790,26,49.12344398,9,2.7307180399999993,9,0.1696233972381916,81,0.1986575225188302,72,0.29119067005518684,9,0.2471196845086842,10,0.0667012098332881,34,8110,26,32743,82,-0.20331394924450716,85,520,34,0.14285714285714285,4,0.876,20,0.823,19,0.8458601042550612,21,0.8090246033197213,27,0.162,24,3396,64,1009,20,0.7995245641838352,20,55243,21,0.9506788965564714,21,4385.797,26,4230.099,25,0.2766884565353394,97,0.4895397424697876,71,2475.5641907039308,25,33.128,23,0.1104509606957436,26,0.09972022473812103,19,0.09313764423131943,44,2348,71,0.4753273,31,11983,17717,0.146,28,0.112,19,0.2184796352988154,11,26263,68,0.06272335379240718,14,3914,67,0.13699999999999998,57,0.15,75,125.2,44,147,67,36.6,38,43,73,0.431,13,0.431,12,878.8626215085519,42,105.6463180063,21,203912.44118527885,15,24511.90673,17,0.02009830954471562,85,432.3087,27,0.0675
Hertford,19564,81,0.0017811190095944084,81,-0.17531509505543144,92,-4159,92,40.21631206,71,-1.0788686599999977,93,0.19607442240850542,52,0.20204021413817813,69,0.21846248210999797,45,0.17392403996121908,51,0.06184829278266203,51,1210,84,67209,52,-0.16925415935329163,77,97,91,-0.23015873015873015,87,0.761,83,0.646,86,0.6996288758529869,85,0.6825325042396835,83,0.35100000000000003,98,1268,34,914,39,0.7242472266244057,39,41529,92,0.7146741468619319,92,824.643,73,834.081,72,0.8943662047386169,24,1.0945945978164673,6,1866.5772607550482,53,4.252063,75,0.2499172389507294,99,0.26635801792144775,100,0.1006778329610825,48,505,23,0.3508772,83,1760,2685,0.156,46,0.132,55,0.43689812468322353,86,8620,30,0.13128023818384815,92,1411,30,0.11900000000000001,18,0.124,24,42.2,4,10,6,29.6,24,7,18,0.84,91,0.84,90,775.3221453421186,57,15.2971059276,81,92300.25539787127,84,1821.084039,90,0.129553065520364,15,168.38422,81,0.07
Hoke,56269,49,0.005122765566901849,49,0.12625848161566022,31,6308,31,32.94163763,97,0.4433268200000029,74,0.2983347846949475,2,0.309961770180741,1,0.11597860278305995,99,0.08568683573187086,99,0.11645844070447316,4,6553,29,36788,78,-0.3142580200197588,94,185,78,-0.021164021164021163,31,0.865,28,0.803,29,0.8111574049023321,33,0.8017304342940614,31,0.20199999999999999,42,2860,57,845,81,0.6695721077654516,81,41181,94,0.708685401572906,94,1162.881,68,1109.627,68,0.8414985537528992,28,0.6499032974243164,49,,,,,0.1623422205448151,64,0.170077383518219,77,0.0979890301823616,46,1608,53,0.4375381,43,7180,9898,0.157,50,0.133,58,0.3691286067452226,74,20456,52,0.09807871087697552,67,3165,56,0.139,63,0.154,79,112.2,37,62,42,41.6,50,23,49,0.73,72,0.73,64,636.2045846996408,87,35.256549470299994,60,87151.31297255355,90,4829.664311,62,0.04454916709029433,57,179.89986,78,0.0675
Hyde,4490,99,0.0004087724572213706,99,-0.17143384388263516,76,-929,76,46.39130435,18,3.644113339999997,4,0.16614699331848554,87,0.17420188226610075,95,0.2469933184855234,25,0.17106477209817308,57,0.04899777282850779,87,220,100,112445,23,-0.09953232858721592,64,123,87,-0.10869565217391304,60,0.705,95,0.564,99,0.6253746253746253,100,0.5870570107858244,100,0.28300000000000003,83,198,1,781,95,0.6188589540412044,95,48593,48,0.8362387926138808,48,177.923,98,182.047,98,0.6875,44,0.9545454382896423,17,3821.4285714285716,5,1.712,87,0.1866028755903244,91,0.14705882966518402,56,0.240601509809494,99,288,12,0.3475355,85,416,354,0.21600000000000003,100,0.149,87,0.31566212054553455,51,1435,2,0.09017959495605656,54,236,2,0.195,96,0.175,92,40.5,2,2,1,20.3,4,1,1,0.92,97,1.045,100,2248.7191077980638,1,10.222677064049998,93,215188.43136823582,13,978.246609,99,0.1917079189381325,6,197.199542,73,0.0675
Iredell,207682,14,0.01890750143889726,14,0.23576103772462215,9,39622,9,42.25980912,55,1.880833850000002,22,0.1943114954594043,56,0.2337796025229085,23,0.17819551044385165,81,0.1443710579554921,84,0.045988578692423995,93,9551,21,119481,20,-0.10397762212589803,66,894,7,-0.15260663507109004,77,0.919,8,0.829,16,0.8655803917229169,16,0.845334418177161,15,0.121,10,5122,76,1198,6,0.9492868462757528,6,64437,7,1.1088987936464232,7,10581.864,9,10429.295,9,0.5132192969322205,70,0.3841676414012909,85,2314.432868436275,32,72.020522,13,0.1215594112873077,35,0.12635625898838043,34,0.08791493624448776,32,4068,83,0.5445626,18,25198,36127,0.128,13,0.102,11,0.23990926350568337,16,48650,82,0.0599811569012849,11,7385,82,0.11699999999999999,12,0.126,29,145.8,51,265,83,26.4,18,48,75,0.5,21,0.5,21,1007.1851453756442,22,204.24203970500002,10,201437.02907512884,17,40848.407941,9,0.030732130490622542,74,1098.65016,3,0.0675
Jackson,43308,59,0.003942787879141006,59,0.06113248229730723,43,2495,43,38.86382979,81,2.1960520099999954,15,0.15833102429112403,91,0.17563031387058045,92,0.21820448877805487,46,0.17910959743219074,46,0.06529971367876605,38,2828,60,22208,88,0.4119142984296522,2,236,72,0.09767441860465116,7,0.759,84,0.714,68,0.7655747871680667,57,0.7646813330948549,48,0.18600000000000003,36,1263,32,896,53,0.7099841521394612,53,44870,75,0.772169543444217,75,1629.092,55,1629.302,55,0.3768844306468964,86,0.2366071492433548,99,2549.4350297780184,24,9.417613,61,0.05326598510146141,4,0.08917778730392456,13,0.1486201882362366,86,1341,44,0.4306771,48,3886,8264,0.17,80,0.141,75,0.26150003469090405,24,11307,37,0.08855091484598163,50,2294,44,0.18,94,0.20199999999999999,97,102.4,31,45,34,52.3,74,23,49,0.38,7,0.38,7,1078.7169046878976,17,46.6426402418,45,283872.8696547099,5,12274.379011,33,0.028320296755608168,78,325.33568,42,0.07
Johnston,249714,9,0.02273412146605286,9,0.375501255893888,3,68170,3,39.54735108,77,1.6936466800000005,29,0.22011581248948797,20,0.26378729123518263,5,0.14681996203656983,94,0.12000396598069889,90,0.052291821844189755,79,13058,13,174111,6,-0.05003246381239736,53,964,4,-0.09313264346190028,55,0.834,43,0.778,40,0.8490810838046532,19,0.8350394385802111,17,0.136,13,7690,90,1007,22,0.7979397781299524,22,49672,41,0.8548073448174982,41,7726.394,17,7501.701,17,0.3227458894252777,93,0.2964783012866974,97,2210.7161699682747,38,88.497179,11,0.1385153084993362,49,0.12941892445087433,39,0.09205443412065506,40,5290,92,0.5183935,21,29790,40244,0.127,12,0.105,15,0.27606355587302117,30,66475,92,0.05808968161360227,9,8712,87,0.129,41,0.126,29,114.6,40,240,79,33,28,69,83,0.67,63,0.69,61,787.3061991366136,53,189.5801835273,14,114102.34770095849,61,27475.388917,14,0.04269119113861985,61,936.68271,8,0.0675
Jones,9098,97,0.0008282877095323006,97,-0.08240040342914776,73,-817,73,42.38709677,53,-1.5083577799999972,96,0.19322928116069465,59,0.20403429147755925,67,0.2434601011211255,27,0.19394856278366113,27,0.09353704110793581,10,851,93,66287,53,0.009718350622248625,35,126,86,-0.288135593220339,94,0.74,92,0.589,94,0.7239842726081258,74,0.6736711990111248,85,0.27399999999999997,77,453,7,888,54,0.7036450079239303,54,48585,49,0.836101120308386,49,219.935,95,224.438,95,1.240000009536743,8,1.1639344692230225,5,1730.4162436548224,61,1.70446,88,0.2002398073673248,93,0.16722038388252258,73,0.1260548532009125,66,239,8,0.3691983,74,700,1051,0.16,57,0.149,87,0.37269129287598945,76,3390,7,0.09531311539976368,66,484,5,0.168,88,0.17,89,276,94,26,25,63.7,89,6,14,0.74,77,0.74,71,943.2711792436235,32,8.5799946464,97,127469.07827616535,56,1159.458736,96,0.20920335884756322,2,229.57652,62,0.07
Lee,67613,41,0.006155530545681187,41,0.13660127422798257,29,8126,29,39.25812065,80,1.3440475800000016,39,0.22501589930930443,14,0.2503404105098593,10,0.18592578350317246,78,0.15289054751458303,75,0.06597843609956665,36,4461,40,31204,83,-0.11276656241114587,69,264,63,0.056,11,0.749,89,0.739,56,0.799043659043659,40,0.7877500685119211,38,0.23800000000000002,66,3574,68,1003,23,0.794770206022187,23,49622,42,0.8539468929081554,42,2815.923,34,2784.443,34,0.7116279006004333,41,0.6926605701446533,45,1952.2955493067002,50,20.134024,35,0.1190781071782112,34,0.09763402491807938,16,0.1397928595542908,75,2281,67,0.4307777,47,7029,10102,0.163,66,0.131,50,0.3160501238088092,52,21060,54,0.08286342096206285,38,3130,54,0.16,83,0.156,83,236.3,86,146,66,61.5,87,38,69,0.65,58,0.65,48,926.2016754483379,35,61.7174486435,34,142492.56545359045,41,9494.992099,40,0.0529314684588414,49,377.5405,35,0.07
Lenoir,53509,50,0.0048714934105697815,50,-0.07273073857137906,94,-4197,94,41.88037866,60,-0.17456640000000334,81,0.21542170475994693,24,0.22883235712057673,28,0.22340167074697714,41,0.1793227740616227,45,0.07873441850903587,21,4213,43,136277,15,0.19848207689872305,11,352,52,-0.08808290155440414,52,0.781,76,0.753,49,0.7221266269578646,76,0.7265854501468809,68,0.317,92,3829,72,929,34,0.7361331220285261,34,51039,33,0.8783321000189299,33,2866.713,33,2793.629,33,0.3994778096675873,84,0.37674418091773987,87,1197.8221415607986,86,9.9,58,0.2002381831407547,92,0.16934306919574738,74,0.1523245126008987,89,1825,58,0.3500543,84,4194,5994,0.18100000000000002,94,0.161,96,0.4574986062070247,90,24618,66,0.11957505278327021,88,3568,61,0.14,65,0.135,48,153.7,54,86,54,39.3,43,22,47,0.845,93,0.845,93,730.723541384501,69,39.3202337619,55,86476.15874372794,92,4653.282102,63,0.09167612308925925,26,285.116547,49,0.0675
Lincoln,98348,30,0.008953664503966003,30,0.24129748832512937,18,19118,18,44.8229249,28,2.413615109999995,11,0.18832106397689835,64,0.21692540704278682,47,0.19676048318216943,63,0.15735201312634103,71,0.054266482287387646,75,5337,33,49038,71,-0.09323224852071006,62,552,31,-0.10097719869706841,57,0.892,16,0.826,18,0.8282440561443712,26,0.8191159481972397,23,0.113,7,2107,49,1018,19,0.8066561014263075,19,58227,17,1.002030666506049,17,3167.278,32,3067.916,32,0.7809798121452332,34,0.7270340919494629,39,1920.105685235572,51,26.816196,28,0.1528930366039276,59,0.16123582422733307,68,0.09292939305305481,43,1865,59,0.4874682,27,9783,14161,0.136,18,0.112,19,0.2358305642616799,14,22498,59,0.06590120160213618,19,3702,63,0.122,21,0.125,26,223,84,192,74,38.3,42,33,62,0.499,20,0.499,20,992.9107393859474,25,94.72269162668,24,198980.10809337624,18,18982.503332,22,0.029994604190788192,75,492.66523,22,0.07
Macon,38539,64,0.0035086150843773724,64,0.11445591509788612,39,3958,39,49.64503817,8,0.867112640000002,56,0.17133293546796752,79,0.1876753130331685,83,0.30613145125716806,7,0.2669384922356207,6,0.07374348063001115,26,2842,59,21973,89,0.1111504424778761,19,346,53,0.01764705882352941,19,0.792,69,0.75,51,0.7537673990567123,67,0.7746372715281703,43,0.18600000000000003,36,1242,29,879,62,0.696513470681458,62,48309,53,0.8313514257688138,53,1555.257,59,1557.224,59,0.5925925970077515,60,0.6377550959587097,54,,,,,0.05316533520817757,3,0.07472384721040726,10,0.1157808005809784,56,843,38,0.4193105,53,3053,4991,0.16699999999999998,74,0.144,82,0.28481394921351855,34,10846,36,0.0886141164348274,51,1720,33,0.165,87,0.159,84,66.9,8,24,23,53,76,19,38,0.27,1,0.27,1,917.983878062551,39,34.957744060500005,61,339994.0289120559,3,12947.312615,32,0.023003127054154554,80,283.332598,51,0.0675
Madison,21453,77,0.0019530947716637113,77,0.014998107494322482,56,317,56,46.30408163,19,1.7070120300000013,28,0.16710949517549992,85,0.18598599545798639,85,0.2541835640702932,22,0.20306585919757758,25,0.06250874003635855,47,1341,79,42763,74,-0.24661299131445888,90,535,32,-0.162754303599374,79,0.79,73,0.726,62,0.7653604830117201,58,0.7400928239914316,58,0.212,49,759,18,821,91,0.650554675118859,91,44497,79,0.7657505722005197,79,1616.103,57,1568.812,58,0.5476190447807312,63,0.5161290168762207,68,1447.585882352941,71,3.07612,78,0.1278701573610306,47,0.13714499771595,51,0.0798870250582695,24,396,16,0.5180553,22,2568,3885,0.158,55,0.133,58,0.3119812426729191,48,6653,19,0.09872507355344884,68,1208,24,0.11800000000000001,16,0.126,29,41.4,3,9,5,59.8,85,13,29,0.36,6,0.5,21,686.9852801875733,76,14.6499611,83,137397.05603751465,48,2929.99222,76,0.09948134514027072,23,272.899046,55,0.07
Martin,20952,78,0.0019074834128512599,78,-0.1010426052258978,85,-2355,85,47.07614213,15,1.2892293800000019,40,0.19902634593356242,47,0.21058051229244432,57,0.2707140129820542,16,0.204530827648346,24,0.0700171821305842,32,1467,75,143806,13,0.020045396510143282,32,286,61,-0.13855421686746988,75,0.784,75,0.683,80,0.7388555507929704,73,0.7216890595009597,71,0.293,86,1250,30,726,99,0.5752773375594294,99,42553,89,0.7322962019652721,89,427.736,85,417.363,86,0.8073394298553467,31,0.5906040072441101,61,2104.0027369141294,41,6.15,69,0.1856738924980164,89,0.16681534051895142,72,0.1269100159406662,68,598,28,0.4274194,49,2014,3256,0.17,80,0.139,72,0.4030938076540991,81,8521,29,0.11412946028330644,84,1273,26,0.135,52,0.12300000000000001,22,472.4,99,106,57,49,67,11,26,0.81,88,0.81,84,824.3365202611288,47,17.425649701800005,79,101769.94077297885,74,2151.314778,84,0.18009486054692417,7,269.227658,57,0.07
McDowell,44601,57,0.004060503421944399,57,0.0014145224302842517,58,63,58,44.56672932,30,1.7627754499999995,26,0.1859375350328468,67,0.20901252862723965,64,0.22573484899441718,39,0.18536979657820288,33,0.06589538351158046,37,2939,54,17041,91,-0.25899030308301085,91,298,57,-0.10510510510510511,58,0.797,62,0.733,58,0.7569291684997801,63,0.7391734991470864,62,0.222,57,1879,44,864,69,0.6846275752773375,69,43983,85,0.7569051265724759,85,630.382,79,653.309,78,0.8518518805503845,27,0.9659574627876282,16,1772.5931390630763,56,9.611,59,0.1820214688777924,80,0.18135176599025726,85,0.124387763440609,65,1346,46,0.4079106,57,4414,5871,0.168,78,0.137,66,0.349969608968731,68,15546,44,0.10708881387498545,78,2760,49,0.145,71,0.132,42,128.9,45,59,39,45.9,60,21,45,0.5675,35,0.5675,31,817.9743632741271,48,36.335239191,58,144136.4516782603,40,6402.68532,52,0.0316119314922818,73,149.79656,84,0.0675
Mecklenburg,1190000,2,0.10839425620983628,2,0.17679257125066097,2,178869,2,37.81948598,88,3.117950200000003,6,0.22086839227491026,19,0.24144819099674325,15,0.13319766103875816,98,0.09977612936065906,98,0.043659825938549356,98,51982,2,7704,96,-0.3400719547712866,95,165,81,-0.2361111111111111,90,0.924,6,0.882,5,0.8896758504559052,8,0.8812859252195954,6,0.141,15,35626,100,1630,2,1.2916006339144215,2,76441,3,1.3154760880414393,3,129565.466,1,127496.734,1,0.2792207896709442,96,0.2967383861541748,96,3651.643159086043,9,596.915849,2,0.1006499975919724,23,0.1001386046409607,20,0.08876779675483704,34,31408,100,0.6739349,4,238453,299257,0.11800000000000001,4,0.091,5,0.27636427533654195,31,322419,100,0.07184076489428981,22,52822,100,0.127,37,0.122,18,160.2,58,1779,100,28.5,19,317,100,0.4831,19,0.4731,18,1165.7052100419933,12,1359.9641547694412,2,246397.21201479455,9,287458.075411,1,0.0028517083033727454,99,724.127485,13,0.07250000000000001
Mitchell,14751,87,0.001342940426831278,87,-0.026336633663366336,65,-399,65,44.04966887,35,-2.600077320000004,99,0.17930987729645448,72,0.1848844884488449,88,0.24662734729848823,26,0.22910891089108912,14,0.06108060470476578,54,901,91,13860,94,-0.0636400486420754,58,263,64,0.052,14,0.793,68,0.722,64,0.7439419663528322,71,0.7120113493064313,75,0.217,56,593,13,917,38,0.7266244057052298,38,43990,84,0.7570255898397839,84,496.375,84,535.541,82,0,100,0.53125,67,1280.2722451384798,83,2.172622,85,0.05518269911408424,7,0.05517762526869774,2,0.04869727045297623,1,157,4,0.4072581,59,1313,2251,0.16699999999999998,74,0.138,69,0.306506154470445,44,4532,12,0.08569031639501438,46,715,12,0.13699999999999998,57,0.13,39,93.6,26,14,14,33.4,29,5,10,0.56,32,0.56,28,944.3144063844178,31,13.9626328128,84,168627.57256864602,28,2493.327288,81,0.05388538154203696,48,114.3534,90,0.0675
Montgomery,25516,74,0.002322992877162693,74,-0.04194044981789509,77,-1117,77,40.97122302,65,-0.26755903000000103,82,0.20822229189528138,32,0.2340329666203582,21,0.22773945759523437,36,0.18668569068448918,31,0.061255682708888544,53,1563,73,34560,80,0.030995495361116912,28,210,75,-0.125,68,0.759,84,0.693,77,0.7079431877958968,81,0.6835703776360962,82,0.24,68,1265,33,914,39,0.7242472266244057,39,46774,63,0.8049355521519902,63,1093.302,69,1051.406,69,1.204968929290771,11,1.048387050628662,10,1730.4698760449696,60,6.003,70,0.1180698126554489,30,0.1803005039691925,83,0.1226726993918419,61,705,30,0.3767183,71,2165,2792,0.16,57,0.126,42,0.3873534830844016,77,9881,31,0.10803772522522523,79,1535,31,0.16899999999999998,89,0.163,87,217.1,83,59,39,62.6,88,17,37,0.615,49,0.615,42,920.4548449723627,38,23.4798826404,75,149667.45446705085,36,3817.867096,70,0.05171145312425047,52,153.11801,83,0.07
Moore,111001,27,0.01010560167573037,27,0.21153678236192971,17,19381,17,47.28197425,13,1.485594159999998,36,0.19900721615120584,48,0.2096812922942589,62,0.2808533256457149,12,0.24862475442043222,9,0.09247664435455537,12,10265,19,106258,28,0.1889006993006993,12,802,13,0.0941336971350614,8,0.88,19,0.821,20,0.8658034560336987,15,0.8222294769091685,22,0.13,12,2931,58,999,24,0.7916006339144216,24,62886,9,1.0822075754186098,9,4014.195,28,3866.7,28,0.1550802141427994,99,0.14392060041427612,100,2419.9708353586557,28,34.85,20,0.1180350258946419,29,0.14819617569446564,57,0.06329382210969925,13,1495,51,0.6430568,7,15189,19276,0.131,14,0.104,14,0.20369105210679864,8,22063,56,0.06480956128630781,18,3541,59,0.11699999999999999,12,0.121,17,157.6,56,159,70,49.6,68,50,76,0.31,2,0.33,3,669.0371741810997,80,72.4674305586,28,202738.53763063627,16,21959.827442,19,0.04749123341962015,55,975.31903,7,0.07
Nash,97793,31,0.008903136950790534,31,0.04263598950892381,37,3999,37,42.79535495,49,1.1889897899999937,46,0.2024378022966879,40,0.22339382050024523,39,0.21245896945589152,50,0.1631127790690236,61,0.05601627928379332,68,5478,32,133252,16,0.02914780889417507,29,375,48,-0.11764705882352941,63,0.817,48,0.766,45,0.7568068160770514,64,0.7521817837940072,53,0.214,52,4419,75,989,27,0.783676703645008,27,50715,36,0.8727563716463886,36,5119.148,21,5135.445,21,0.6610169410705566,51,0.7038724422454834,42,1425.5991997332444,72,21.37686,34,0.1835585534572601,83,0.16069957613945007,67,0.1131093874573708,53,2522,74,0.4366507,46,9736,14066,0.142,22,0.116,23,0.35156659439129406,69,34212,75,0.098843131548312,69,5434,74,0.139,63,0.133,44,163.3,61,154,68,43.5,54,41,72,0.63,54,0.67,55,628.7560486635907,89,61.186137363600004,35,93844.1863677001,83,9132.259308,41,0.061487536817007214,42,395.7511,33,0.0675
New Hanover,242708,12,0.022096290767769356,12,0.1364702687263243,12,29145,12,39.80384047,74,2.0047715699999955,19,0.17200092291972247,78,0.1926831895037998,78,0.190797171910279,75,0.1572650693238061,72,0.06482274997115876,39,15733,8,1898,99,1.1592718998862344,1,60,99,0.01694915254237288,20,0.909,13,0.854,10,0.9000650162540635,4,0.8791589117296472,7,0.155,21,6223,86,1132,8,0.8969889064976229,8,60943,12,1.0487704142215493,12,15236.927,8,14802.668,8,0.6775362491607666,47,0.6562162041664124,48,3567.0013007767498,10,95.977304,10,0.09191368520259857,13,0.10812161862850189,23,0.05830933898687363,7,3402,79,0.651121,6,37989,52293,0.141,21,0.117,27,0.2120386808412874,10,50761,84,0.07341179970118782,24,10859,91,0.111,6,0.126,29,79.3,20,186,72,39.7,44,93,88,0.45,16,0.45,16,952.2972367300905,30,227.97519698700003,9,211621.6081622423,14,50661.154886,6,0.0039831072000228035,98,176.5818,79,0.07
Northampton,15867,86,0.0014445417770003312,86,-0.20902293120638085,93,-4193,93,38.61808118,82,-5.390252150000002,100,0.19285309132161088,60,0.19616151545363908,74,0.20066805319215983,58,0.2115653040877368,23,0.08067057414760194,19,1280,81,171478,7,0.00768643121584298,37,257,67,-0.05514705882352941,43,0.633,100,0.529,100,0.6642101031756666,94,0.6071136071136072,96,0.293,86,846,22,913,41,0.7234548335974643,41,47614,56,0.8193911442289491,56,505.79,83,529.271,83,0.855555534362793,26,0.8677685856819153,28,1598.3086680761098,64,3.78,76,0.2496688812971115,97,0.2641509473323822,99,0.1000888347625732,47,338,14,0.3950252,62,1334,2944,0.147,30,0.127,44,0.432100290248873,84,6997,22,0.10462287104622871,75,1032,19,0.11699999999999999,12,0.115,9,61.6,7,12,10,10.3,1,2,2,0.83,90,0.835,88,1418.9063450626813,4,22.976350445599998,77,169928.90360032112,26,2751.658736,78,0.12766101392756707,16,283.80899,50,0.0675
Onslow,214782,13,0.019553889956997864,13,0.11648724093297916,15,22409,15,25.44080729,100,-0.9230517900000024,90,0.3169027199672226,1,0.27402494112999226,3,0.1047760054380721,100,0.08505871406070499,100,0.15526906351556463,1,33349,4,53032,67,0.010653097783622053,33,342,54,0.0058823529411764705,23,0.913,10,0.871,7,0.8850990719486262,11,0.8710589258534465,10,0.162,24,8137,91,857,73,0.679080824088748,73,51585,31,0.8877282348689531,31,9039.244,13,9098.987,12,0.319094181060791,94,0.3453139364719391,91,,,,,0.1426903754472733,50,0.10640361160039902,22,0.04979288578033447,2,2909,75,0.4596727,37,26855,29424,0.157,50,0.134,60,0.25968320635847403,23,55151,87,0.0759906370172212,27,9090,88,0.107,4,0.11199999999999999,6,138.9,50,275,85,46.5,62,92,87,0.655,61,0.655,50,650.0195881536695,84,138.04986009290002,16,99239.63177918617,78,21076.314518,20,0.011357953329778268,92,205.83799,69,0.07
Orange,151635,21,0.013804946893265597,21,0.07856177537520449,27,11045,27,38.07037428,87,3.8048825199999996,3,0.1559534408283048,93,0.1959385447044598,75,0.17705015332871699,83,0.11612490219788037,92,0.03858607841197613,100,5851,31,53068,66,-0.2408880242604566,89,687,22,0.0014577259475218659,27,0.924,6,0.882,5,0.9208592934058415,2,0.9114958033573142,2,0.114,8,3089,61,1442,3,1.1426307448494453,3,77568,2,1.3348706740780258,2,9678.52,10,9307.949,10,0.7202572226524353,39,0.8891966938972473,25,5343.502517518817,2,102.942576,8,0.04665466025471687,1,0.04247799515724182,1,0.05213490873575211,4,1790,57,0.8079163,1,27739,34134,0.12300000000000001,8,0.095,7,0.1514893220305123,2,22749,61,0.03869618445215262,3,3793,64,0.1,2,0.087,1,74.1,13,110,58,24.2,12,36,65,0.8629,95,0.8353,89,1271.883963685621,10,190.99754294270602,13,152266.7261685168,35,22865.742002,18,0.036780008809955585,67,775.708658,12,0.075
Pamlico,12139,91,0.0011051422846793358,91,-0.04469977177933423,67,-568,67,50.396,7,0.46971795000000327,72,0.1440810610429195,98,0.16557802785866058,98,0.31295823379191035,5,0.25977807507672934,7,0.11285937886152071,6,1370,78,54675,64,0.26381119689334753,5,81,94,-0.19,83,0.827,46,0.738,57,0.7715399610136452,55,0.7679098966026587,46,0.27399999999999997,77,458,8,683,100,0.5412044374009509,100,52301,30,0.9000499062107419,30,287.878,91,297.395,91,1.243243217468262,7,1.2340425252914429,4,2786.6666666666665,20,4.5144,74,0.1853360533714294,85,0.13653846085071564,49,0.06658291816711426,15,159,5,0.3178392,93,759,1377,0.151,38,0.123,36,0.27459352931515846,27,3344,5,0.08313143549364022,39,549,7,0.14800000000000002,76,0.14400000000000002,63,243.6,88,31,29,102.2,100,13,29,0.645,57,0.625,44,1038.5021201141403,20,12.64687881875,88,166160.33921826244,29,2023.500611,87,0.05064187016786802,53,87.790405,96,0.0675
Pasquotank,40933,61,0.003726566367804535,61,0.03536107246743392,47,1398,47,37.8011236,89,1.1122118999999984,48,0.21806366501355876,21,0.22784874162134816,30,0.1752131532015733,86,0.14592133552548375,82,0.09295678303569248,11,3805,45,95870,36,0.3283176767256907,4,133,85,0.05555555555555555,12,0.872,23,0.787,36,0.8223965763195435,30,0.7775056133904878,41,0.228,60,1931,45,920,37,0.7290015847860539,37,47234,59,0.8128517097179438,59,1609.108,58,1588.603,57,0.9055555462837219,23,0.700421929359436,43,2149.8297389330305,40,11.364,53,0.09821073710918427,19,0.1246606782078743,32,0.07456625998020172,21,808,36,0.4670543,35,5061,4760,0.133,16,0.109,16,0.3288751128792131,57,13475,42,0.08991950619343538,53,2156,41,0.11199999999999999,8,0.132,42,200.9,80,80,52,35.2,36,14,31,0.62,50,0.62,43,680.5117704488322,77,27.8826087706,66,109759.9629756181,65,4497.194963,64,0.05760197317534656,45,219.2369,65,0.07
Pender,69485,40,0.006325958616932502,40,0.2648584690998453,22,14550,22,42.27257336,54,0.7920258100000055,61,0.19558178024033965,53,0.2110494220442341,56,0.19732316327264876,61,0.1713115500136525,56,0.07597323163272648,24,5279,34,78903,43,0.22360585571614663,9,354,51,0.05357142857142857,13,0.864,29,0.792,33,0.8386361682001892,22,0.8252069917203312,19,0.139,14,1994,48,869,68,0.6885895404120443,68,49887,38,0.8585072880276722,38,1777.186,54,1749.311,53,1.209205031394958,10,0.9012345671653748,23,2320.592901491984,31,25.041518,31,0.1071549654006958,25,0.12149692326784134,28,0.09083525091409683,37,1342,45,0.5121835,23,7567,12441,0.138,20,0.111,18,0.2750552990602871,28,18528,49,0.06319361870788744,15,2551,45,0.133,48,0.124,24,69.8,11,44,33,36.5,37,23,49,0.7375,76,0.7375,70,1048.5707994258548,19,70.63277762012501,29,142179.09144757353,43,9577.325779,38,0.03463341511537776,68,291.766086,48,0.0675
Perquimans,13209,90,0.001202555765576188,90,-0.011302395209580839,60,-151,60,47.16269841,14,-0.49552944000000565,85,0.17480505715799832,75,0.19498502994011976,76,0.29048376107199636,10,0.2508982035928144,8,0.0990990990990991,8,1309,80,78264,44,-0.025621871965339507,45,137,83,-0.08053691275167785,50,0.809,53,0.726,62,0.796875,44,0.7604447439353099,51,0.23,63,553,11,820,92,0.6497622820919176,92,53355,28,0.9181882324596878,28,283.881,92,285.961,93,0.9729729890823364,19,0.75,36,2060.5142857142855,44,3.389546,77,0.09854014962911606,21,0.12432432174682617,31,0.09028340131044388,35,223,7,0.3813765,69,942,2147,0.155,45,0.123,36,0.31211545765286747,50,4109,10,0.08233324030142339,36,590,9,0.125,29,0.11900000000000001,13,89.1,24,12,10,66.8,90,9,24,0.52,26,0.64,47,936.0772336346373,33,12.323456780799999,91,146262.06775541208,39,1925.540122,89,0.10963915670671795,21,186.7974,76,0.0675
Person,39272,63,0.0035753478708235335,63,0.015909149701218407,52,615,52,43.08502024,45,0.5551136999999997,67,0.19981157058464047,45,0.2162092247199731,49,0.21982583010796497,44,0.17197402798975606,54,0.05535750662049297,69,2174,68,88571,38,0.0775847385453926,22,364,50,-0.0737913486005089,47,0.846,40,0.786,37,0.78288617634302,49,0.791897332662305,36,0.203,43,1611,41,926,36,0.7337559429477021,36,45304,72,0.7796382660173123,72,1537.205,60,1472.598,61,0.6411483287811279,54,0.582608699798584,64,2247.298156508653,36,11.946637,52,0.1717961728572845,75,0.17782217264175415,82,0.0827508419752121,29,734,32,0.4208568,52,3733,5871,0.157,50,0.134,60,0.3248362181039537,55,12743,39,0.08510450657024429,44,1930,38,0.122,21,0.122,18,174.7,64,69,45,25.3,15,10,25,0.7225,70,0.7225,63,1000.9949161188151,23,39.268029564425,56,138546.0091513931,46,5435.021393,57,0.08954431443528765,28,341.390661,39,0.0675
Pitt,177440,17,0.016154250514334074,17,0.04741834752991317,30,8033,30,32.83246618,98,0.4809668899999977,71,0.21689585211902615,23,0.22451846735967226,36,0.15045649233543734,90,0.11397994179697415,93,0.0623929215509468,48,11071,16,151433,9,-0.1876434993455357,80,367,49,-0.23221757322175732,89,0.855,36,0.808,26,0.8294734799661829,25,0.8075903666241637,28,0.22899999999999998,61,8259,92,1086,10,0.8605388272583201,10,53495,27,0.9205974978058477,27,9399.4,11,9243.013,11,0.5099714994430542,71,0.5032618641853333,69,2014.929008011894,47,48.789491,17,0.08138682693243027,12,0.08951427787542343,14,0.08075546473264694,27,3519,81,0.5974389,10,26034,31722,0.156,46,0.131,50,0.3425854608884761,65,60491,90,0.09294927077943234,60,9700,90,0.126,31,0.12300000000000001,22,97.9,29,177,71,50.3,70,91,86,0.5663,34,0.6841,58,644.9626975412807,86,113.88235343025902,19,94279.00855741567,82,16647.033099,27,0.03826831175806523,64,487.056719,23,0.07
Polk,19660,80,0.0017898589106842195,80,-0.009222395807085622,61,-183,61,51.32217573,4,1.2168185899999955,43,0.1480671414038657,97,0.17305850929798922,96,0.31164801627670397,6,0.26906213778158544,3,0.07273652085452696,29,1430,76,24076,86,-0.17270290701669988,78,274,62,-0.02491103202846975,34,0.808,54,0.773,43,0.8072825196112867,35,0.7945099768493,34,0.195,40,591,12,832,88,0.659270998415214,88,61494,11,1.0582525942625067,11,532.755,82,509.081,84,1.328358173370361,5,1.0340908765792847,11,3034.8767865943814,16,6.157765,68,0.1665668040513992,69,0.13662131130695343,50,0.08030430972576141,25,285,11,0.5187377,20,1841,3478,0.154,44,0.122,34,0.2536446120909369,21,4976,15,0.08550543425988266,45,889,16,0.131,45,0.141,60,111,36,23,22,57.9,83,12,28,0.5343,28,0.5343,24,1011.5936739257825,21,19.845444695076,78,189330.6520542359,19,3714.288732,72,0.08973688478128793,27,314.267719,45,0.0675
Randolph,146358,22,0.013324525455235046,22,0.028459397925626108,36,4050,36,41.22243108,63,0.5296632700000004,69,0.2058924008253734,35,0.23110436517975097,25,0.19558889845447464,69,0.1596607358686792,68,0.05761215649298296,62,8432,25,131301,17,-0.11151636543263342,67,1238,1,-0.09502923976608187,56,0.855,36,0.757,48,0.7917128851039468,46,0.7643656815408288,49,0.17600000000000002,32,5545,80,898,51,0.7115689381933439,51,46748,64,0.8044881171591319,64,4187.682,27,4171.891,27,0.4613496959209442,79,0.42824602127075195,82,1415.0732581967213,73,30.384453,24,0.1613572537899017,62,0.13047949969768524,41,0.1426381766796112,81,4839,90,0.3603832,81,12226,21511,0.161,62,0.135,62,0.3302429316497392,58,48123,81,0.10073096187144832,70,8668,85,0.161,85,0.151,76,245.7,89,353,89,79.4,95,114,91,0.5,21,0.5,21,591.0995712325007,95,86.13502951999999,26,118219.91424650014,58,17227.005904,26,0.0581288566126738,44,831.01302,11,0.07
Richmond,42299,60,0.003850927877061638,60,-0.05303573027670816,86,-2369,86,41.42959184,61,0.9897293000000005,53,0.22473344523511193,15,0.2338139160025074,22,0.1961984916901109,65,0.16244291215187606,63,0.06264923520650606,46,2650,66,57946,63,-0.020735808561337096,43,261,65,0.10126582278481013,6,0.796,64,0.728,60,0.7081601927130383,80,0.6863438520130577,81,0.306,89,2996,60,844,82,0.6687797147385103,82,46009,68,0.7917706379390456,68,2002.769,45,1797.047,51,0.6708074808120728,49,0.5907928347587585,60,1355.9543044291952,77,8.694379,62,0.1624853014945984,65,0.17121587693691254,78,0.1492209136486053,88,1561,52,0.3655482,78,3824,4390,0.182,95,0.166,97,0.5296152488528062,97,22506,60,0.14005790290773298,93,3338,58,0.131,45,0.149,73,499.7,100,224,78,82.5,96,37,68,0.75,78,0.83,87,727.514566671373,70,30.9157315107,65,87652.35743028592,89,3724.786929,71,0.052231610604595025,51,109.321757,91,0.0675
Robeson,118737,25,0.010809892038550975,25,-0.0678667315633292,100,-8645,100,37.36944696,91,1.210313829999997,44,0.22663533692109453,13,0.24906187687428366,11,0.17687831088877098,84,0.13527028936584448,88,0.06280266471276856,45,7457,28,263080,2,-0.0025024645484188974,41,732,19,0.013850415512465374,22,0.703,96,0.591,93,0.6519325319344138,96,0.5957062294510854,99,0.35,97,10165,94,852,78,0.6751188589540412,78,41071,96,0.7067924073723519,96,3845.913,29,3830.396,29,0.5161290168762207,68,0.6690265536308289,46,638.1125226860254,91,13.3608,48,0.2065703719854355,94,0.21960456669330597,95,0.20506651699543,95,5796,95,0.3227781,92,9123,14651,0.204,99,0.18,100,0.5909214599136025,100,69490,93,0.17419241263973242,99,11874,92,0.16899999999999998,89,0.19699999999999998,96,285.6,96,373,91,87.3,97,114,91,0.75,78,0.77,76,542.6153059695908,98,63.80938952080001,32,70469.52025579101,99,8286.933704,45,0.03846274984240097,63,198.8099,72,0.07
Rockingham,91571,32,0.008336682111407156,32,-0.004121805328983143,64,-379,64,44.29241071,32,0.6648142700000008,65,0.18761398259274226,65,0.20905927134312127,63,0.2231929322602134,42,0.18164219684611202,40,0.051599305456967816,81,4725,38,109295,24,-0.12292457448259812,72,769,16,-0.08886255924170616,53,0.772,79,0.696,76,0.7182640144665461,77,0.7115384615384616,76,0.22899999999999998,61,4170,74,854,76,0.6767036450079239,76,45332,71,0.7801201190865442,71,2796.1,35,2763.862,35,0.4398496150970459,82,0.40549829602241516,84,1337.7409816676522,79,15.83484,39,0.1628845781087875,66,0.1888219118118286,88,0.1430254280567169,82,2914,77,0.3838225,67,7820,12094,0.17,80,0.14,74,0.340322369283187,64,31164,73,0.09500252965315645,64,5070,72,0.142,68,0.133,44,235.1,85,214,77,74.7,93,68,82,0.5801,38,0.695,62,655.4811661053598,83,60.023721342600005,37,94313.83684969204,81,8636.506668,44,0.052647314066345915,50,311.628395,46,0.07
Rowan,153047,20,0.013933496271794901,20,0.09096417318905664,24,12761,24,41.00686059,64,1.187737570000003,47,0.21058237012159664,29,0.22807692856022696,29,0.19820055277137089,60,0.15924611151504783,69,0.05768162721255562,61,8828,24,104888,30,-0.11795078796441126,70,801,14,-0.13405405405405404,72,0.873,21,0.807,28,0.7995513794199725,39,0.7931987207387923,35,0.231,64,7360,89,1058,13,0.838351822503962,13,46990,60,0.8086527044003511,60,5809.935,19,5680.431,19,0.3402777910232544,90,0.3665480315685272,90,2236.3755848112282,37,41.109056,19,0.1236774027347565,36,0.1277456283569336,36,0.131386861205101,72,4662,88,0.4103937,56,14562,19840,0.156,46,0.132,55,0.32854587542087543,56,49960,83,0.0782843362425356,29,6817,80,0.145,71,0.129,36,253.4,91,360,90,75.3,94,107,90,0.58,37,0.58,32,761.8303509430239,62,115.84697048579999,18,131350.06050741792,53,19973.615601,21,0.059342690062201504,43,984.380713,5,0.07
Rutherford,65035,43,0.005920827785165219,43,-0.010302532261991721,69,-677,69,43.4341133,43,0.4542078599999968,73,0.1950949488736834,54,0.21297479912344777,54,0.2217113861766741,43,0.19317628439250062,29,0.06847082340278311,33,4453,41,63632,58,0.06193154319854475,25,614,26,-0.00967741935483871,29,0.805,57,0.702,73,0.7548814372169147,66,0.7284413296855676,66,0.214,52,2722,54,872,65,0.6909667194928685,65,42525,90,0.7318143488960402,90,1834.792,50,1800.395,50,0.6334951519966125,56,0.6008968353271484,56,,,,,0.1664652526378632,68,0.13738974928855896,52,0.1198675036430359,59,1737,56,0.3683666,76,5338,9547,0.184,97,0.16,94,0.37097750663624085,75,23898,64,0.10490062619112442,76,3853,66,0.14,65,0.136,53,277.5,95,186,72,68.6,92,46,74,0.454,17,0.454,17,768.5780186839287,58,49.5110273856,43,169290.31248544683,27,10905.51264,35,0.02565739258451685,79,207.9682,68,0.07
Sampson,59770,47,0.005441498834770895,47,-0.03744262823093647,84,-2325,84,39.74688797,75,0.19734429000000375,79,0.23901622887736323,8,0.2507931395442467,9,0.19598460766270703,67,0.16094693614622754,65,0.05502760582231889,73,3289,47,292205,1,-0.030018456554068408,50,882,8,-0.08125,51,0.776,78,0.642,88,0.7061462958635195,82,0.6572856166723609,89,0.257,74,3634,70,908,43,0.7194928684627575,43,46849,62,0.8062262300160044,62,1801.829,51,1893.869,46,0.6969696879386902,42,0.6487985253334045,50,1316.5464439857385,81,14.031752,46,0.1815666854381561,79,0.13578341901302338,48,0.1782378852367401,93,2462,72,0.369507,73,5104,6997,0.165,71,0.125,39,0.42680689945309214,83,25363,67,0.11019752094216562,81,3565,60,0.177,93,0.179,93,148,52,94,56,25.2,14,16,36,0.625,52,0.825,86,732.9642755742532,66,43.556402076,50,88844.15461506101,86,5279.563888,59,0.136881139662837,14,590.48785,19,0.07
Scotland,33130,70,0.003016176282348331,70,-0.06515420864019865,83,-2309,83,40.60233918,67,0.7223857999999979,62,0.22798068216118322,12,0.23869183667710714,17,0.20821008149713252,54,0.15968283529444963,67,0.0647751282825234,41,2146,69,51025,68,-0.06978652033617122,59,121,89,0.12037037037037036,5,0.794,65,0.613,91,0.6799738219895288,93,0.6231233555177217,95,0.34299999999999997,95,2648,53,911,42,0.7218700475435816,42,41064,97,0.706671944105044,97,1184.957,67,1155.541,66,1.056140303611755,16,0.9677419066429138,15,1904.7619047619048,52,10,57,0.1623181104660034,63,0.16988147795200348,76,0.1640560626983643,91,1393,50,0.3150395,94,2675,3632,0.19399999999999998,98,0.179,99,0.5031042860142168,96,16774,47,0.15179063360881542,97,2755,48,0.133,48,0.14300000000000002,61,321.6,98,112,60,57.4,81,20,41,0.99,100,0.99,99,762.0125335862751,61,25.406259882300002,72,76970.96298851265,95,2566.288877,79,0.06223468355009628,41,105.172,93,0.0675
Stanly,64286,44,0.005852638348537423,44,0.0658376854845395,38,3971,38,42.45981555,52,0.9358475100000021,54,0.19988800049777555,44,0.21531957224571002,50,0.2099212892387145,52,0.17383735389206664,52,0.050664219270136576,84,3257,49,109164,26,0.13870257752928536,16,649,24,-0.03422619047619048,37,0.861,31,0.814,22,0.7951457535860009,45,0.7836019201097205,39,0.19,38,2594,52,853,77,0.6759112519809826,77,48212,54,0.8296821490646887,54,1869.735,48,1812.086,49,0.7346938848495483,38,0.7142857313156128,41,1593.2405735528412,65,15.00036,42,0.1270726323127747,40,0.12108621746301651,27,0.1367369741201401,74,2081,62,0.4111308,55,6257,8845,0.153,39,0.125,39,0.3017473961601205,42,19237,51,0.08458270522132383,43,3086,53,0.136,55,0.128,33,194.2,76,122,62,35,34,22,47,0.61,47,0.61,39,674.615458862467,79,43.0080847334,51,110592.69817417493,64,7050.505694,50,0.07439841994882346,36,405.637974,30,0.07
Stokes,46036,55,0.0041911467351098035,55,0.006603402282765557,57,302,57,45.91365462,23,1.8808910900000058,21,0.17432009731514467,77,0.19748983250973018,73,0.22955947519332695,34,0.17960379586303407,43,0.058084976974541666,59,2674,65,81361,42,-0.12424653405666064,73,726,20,-0.15186915887850466,76,0.811,50,0.701,75,0.7876059600905597,47,0.7571253447747471,52,0.154,19,1259,31,741,98,0.5871632329635499,98,46391,65,0.7983444905264245,65,1208.306,66,1111.689,67,0.6790697574615479,46,1.029585838317871,12,2710.5059230909424,21,14.872546,44,0.1629732251167297,67,0.17492902278900146,80,0.0883057489991188,33,811,37,0.3895906,65,3578,6168,0.157,50,0.138,69,0.2856986301369863,35,13035,40,0.08231786845537545,35,2209,43,0.128,39,0.13699999999999998,55,173.3,63,79,51,52.6,75,24,53,0.7100000000000001,68,0.6599999999999999,52,720.9370354849315,71,32.892752244,63,109232.88416438356,67,4983.75034,61,0.10684329424753766,22,397.8483,32,0.0675
Surry,71249,38,0.00648655429945778,38,-0.016509075850645316,78,-1196,78,42.23620458,57,0.024551189999996836,80,0.20240284074162446,41,0.21950445165297813,43,0.20659939086864376,55,0.18233142383877424,37,0.04585327513368609,94,3267,48,105791,29,-0.3060701073124656,92,933,6,-0.1231203007518797,66,0.78,77,0.656,83,0.7514660227664712,69,0.720509038520907,72,0.22699999999999998,58,3330,63,906,44,0.7179080824088748,44,48778,46,0.8394224646784492,46,2526.71,40,2546.133,39,0.6555269956588745,53,0.6247190833091736,55,,,,,0.1433616727590561,57,0.16196997463703156,70,0.1447170823812485,84,2312,69,0.4238232,50,6771,10855,0.179,92,0.145,83,0.33868092691622104,63,24130,65,0.09502130956993414,65,3924,68,0.151,79,0.147,69,161.6,59,116,61,46,61,33,62,0.552,31,0.552,27,590.4163277746433,96,42.06539210496001,52,106959.47966931941,70,7620.542048,48,0.08245095982363332,30,442.42316,24,0.07
Swain,13857,89,0.0012615500979324126,89,-0.05387136419500205,71,-789,71,39.92283951,72,-0.7474307600000003,87,0.23093021577542036,9,0.23262324184077565,24,0.20213610449592265,57,0.18230233510856206,38,0.06660893411272281,35,923,89,3930,97,-0.612081729345573,98,70,97,-0.29292929292929293,95,0.742,90,0.603,92,0.6817382125263899,92,0.6297153024911032,94,0.207,46,623,14,898,51,0.7115689381933439,51,51517,32,0.886558020272247,32,701.469,77,695.008,77,1.221052646636963,9,0.8382353186607361,31,418.9245472837022,92,0.832822,91,0.1277299821376801,45,0.20283322036266327,90,0.1235382333397865,63,412,19,0.3646177,79,1216,1475,0.182,95,0.151,92,0.4692568298133064,94,6510,18,0.15549125676185685,98,1236,25,0.204,99,0.242,100,189.2,71,27,27,98.1,99,14,31,0.41,11,0.36,6,535.4514271174223,100,7.4283176484,99,148736.5075326173,37,2063.421569,86,0.02897648300747327,76,52.91106,98,0.07
Transylvania,33230,69,0.0030252803459835513,69,0.020890937019969278,51,680,51,51.09195402,5,1.206836530000004,45,0.15449894673487813,95,0.1704147465437788,97,0.33301233824857057,1,0.2887864823348694,1,0.08281673186879326,18,2752,62,11537,95,-0.21431490057205121,87,142,82,-0.3395348837209302,96,0.86,32,0.808,26,0.8043614575350101,37,0.8003020525846091,32,0.209,47,1037,27,902,48,0.7147385103011094,48,55406,20,0.953483969780929,20,1795.756,52,1712.488,54,0.8611111044883728,25,0.9135802388191223,20,3679.127618522602,7,13.347875,49,0.1106109321117401,27,0.09926695376634598,18,0.06605644524097443,14,433,20,0.459344,38,3011,3627,0.15,37,0.12,31,0.24678312997668717,19,8151,28,0.08246563931695126,37,1386,29,0.13699999999999998,57,0.155,81,151.2,53,52,38,20.4,5,7,18,0.6033,46,0.6033,38,1324.5666086224226,6,43.749110516189994,49,219553.55687426202,11,7251.63443,49,0.03318621571833001,71,222.73894,64,0.0675
Tyrrell,3324,100,0.0003026190752347073,100,-0.16629044394281414,68,-663,68,44.78571429,29,2.0044642900000014,20,0.19645006016847172,51,0.17506897416603964,94,0.23856799037304452,31,0.19337848006019565,28,0.07250300842358604,30,241,99,63761,56,0.20426472254750122,10,73,96,0.07352941176470588,10,0.754,88,0.634,89,0.6854182087342708,89,0.6417816813048933,91,0.281,81,200,2,826,90,0.6545166402535658,90,45079,74,0.7757662324252698,74,102.683,100,115.047,100,1.384615421295166,4,0.5454545617103577,65,1339.9213483146068,78,0.596265,92,0.1851851791143417,84,0.15856777131557465,65,0.3529411852359772,100,294,13,0.2593037,99,216,355,0.158,55,0.137,66,0.35228973361269084,70,1177,1,0.08574673480976717,47,151,1,0.174,91,0.18600000000000003,95,74.7,14,3,2,49.8,69,2,2,0.95,99,0.95,97,1280.2660924872791,9,4.277369015,100,134764.85184076623,51,450.24937,100,0.216137151345773,1,101.686043,94,0.0675
Union,263285,8,0.023969633941988543,8,0.22330688027357543,6,48061,6,39.82930781,73,2.015303430000003,17,0.2058073950282014,37,0.2745697505854366,2,0.14973887612283268,91,0.11322157380217819,94,0.040195985339081225,99,10583,18,212066,4,0.1363154115718067,17,882,8,-0.07836990595611286,49,0.93,2,0.908,2,0.88961144124279,9,0.8915332826867157,4,0.087,2,5386,78,1129,9,0.8946117274167987,9,67641,6,1.164036551997109,6,8591.625,15,8307.184,15,0.4666666686534882,77,0.4731585383415222,74,2693.5918241893346,22,122.690414,6,0.09378983825445175,14,0.07819215208292007,12,0.09159572422504425,39,5057,91,0.5784097,12,31934,56704,0.105,1,0.076,1,0.20557744747560014,9,52848,86,0.04536852463980218,6,7192,81,0.10300000000000001,3,0.10800000000000001,4,114.2,39,274,84,20.8,6,50,76,0.588,40,0.5880000000000001,33,916.5446188204816,40,235.61704170480002,8,155874.9351735513,31,40070.92546,10,0.03441671552171703,69,1187.82585,2,0.0675
Vance,40712,62,0.003706446387170699,62,-0.06882276251686832,88,-3009,88,38.41372141,83,-0.8960037499999984,89,0.22985851837296128,10,0.24107408339242012,16,0.19689526429553939,62,0.1621646348436678,64,0.05801729219886029,60,2362,67,38231,75,-0.4221170851157096,97,170,80,-0.2857142857142857,93,0.799,60,0.704,70,0.7529616076412579,68,0.7143703703703703,73,0.315,91,3100,62,872,65,0.6909667194928685,65,43356,88,0.7461150596293173,88,1265.122,65,1264.306,65,0.6593406796455383,52,0.5880893468856812,63,1306.6866721854306,82,9.470865,60,0.1427975744009018,52,0.1976833939552307,89,0.1792492121458054,94,1719,55,0.3370177,90,3232,6312,0.162,64,0.143,79,0.5629958743256109,99,23062,62,0.1187214611872146,86,2782,50,0.14300000000000002,69,0.14400000000000002,63,179.6,65,80,52,47.2,64,21,45,0.7129,69,0.89,96,657.5000642457828,81,26.9331751317,69,73876.41171300931,98,3026.199453,75,0.055293605001371114,47,121.159113,88,0.0675
Wake,1210000,1,0.11046661421512137,1,0.21883739151398265,1,217857,1,39.32510667,79,3.4206265899999977,5,0.20588737053693948,36,0.24764946962391515,12,0.14008342007471708,97,0.09995781099324975,97,0.045358532426442895,95,55037,1,62323,60,-0.19069447330147518,82,664,23,-0.03907380607814761,40,0.942,1,0.914,1,0.9216928340964049,1,0.9189898343712204,1,0.083,1,21956,98,1424,4,1.1283676703645007,4,76357,4,1.3140305288337435,4,94675.594,2,91399.448,2,0.3984894156455994,85,0.3717544376850128,89,3659.31305627027,8,644.262316,1,0.08107966929674149,11,0.06943647563457489,7,0.05726001784205437,5,19186,99,0.7488898,2,250929,300739,0.111,2,0.085,2,0.18880847883779128,6,224606,99,0.04383649392056768,4,33396,99,0.092,1,0.095,2,103.6,34,1152,99,21.7,7,241,99,0.5135,24,0.657,51,1146.2633653851683,14,1363.5914606721,1,174469.30979987342,25,207548.16753,2,0.012270378592352096,91,2217.882305,1,0.07250000000000001
Warren,18803,82,0.0017118370853303855,82,-0.06434116242038217,80,-1293,80,44.11572052,34,-0.8795175799999981,88,0.17470616391001437,76,0.18829617834394904,82,0.25070467478593844,23,0.2161126592356688,21,0.05882040099984045,57,1106,85,63669,57,0.04756655368718944,26,237,71,-0.11235955056179775,62,0.741,91,0.585,95,0.6818891491022638,91,0.6609298741330594,88,0.273,76,877,23,748,97,0.5927099841521395,97,37601,100,0.6470770448639626,100,316.794,89,320.034,89,0.4957983195781708,72,0.9090909361839294,21,3233.196397443347,14,5.564331,72,0.25,100,0.20504562556743622,92,0.1265605837106705,67,517,25,0.3378213,88,1380,2475,0.17300000000000001,86,0.138,69,0.3644465791439855,72,6829,21,0.09054969879518072,55,962,18,0.162,86,0.174,91,76,15,15,15,30.4,25,6,14,0.81,88,0.81,84,1240.107081700288,11,23.2371264969,76,153099.63971608496,33,2868.781049,77,0.05005358676644152,54,117.172392,89,0.0675
Washington,10304,96,0.0009380827169730518,96,-0.14990512333965844,82,-1817,82,46.77659575,17,0.5071152299999966,70,0.21447981366459629,25,0.220773863542612,42,0.2826086956521739,11,0.21425624948436597,22,0.07725155279503106,23,796,96,76554,46,-0.03923192771084337,52,110,90,-0.2198581560283688,86,0.664,98,0.628,90,0.6285480906677557,99,0.5971468756278883,98,0.353,100,760,19,902,48,0.7147385103011094,48,45405,70,0.7813763788741848,70,276.803,93,289.942,92,0.9838709831237793,17,0.7200000286102295,40,1687.3727087576374,62,1.657,89,0.1859582513570786,90,0.17152373492717743,79,0.0602409653365612,10,125,1,0.3074699,95,638,1124,0.177,91,0.166,97,0.44090560245587107,88,4596,13,0.14477786438035853,95,743,15,0.121,19,0.129,36,43.2,5,5,4,17.3,2,2,2,0.85,94,0.85,94,843.892845404835,45,8.7967390205,96,99281.51122409823,77,1034.910473,97,0.16271176494955855,10,138.23347,85,0.07
Watauga,57751,48,0.005257687789975807,48,0.11477656596853586,32,5946,32,30.07326892,99,0.3607138499999998,76,0.1143529982164811,100,0.13120355178071616,100,0.1806721961524476,79,0.14672328925779365,80,0.048085747432944886,89,2777,61,29402,84,-0.40738501229491675,96,400,47,-0.23076923076923078,88,0.891,17,0.829,16,0.8810984240822874,13,0.8719457228258292,9,0.128,11,820,21,880,61,0.6973058637083994,61,48445,51,0.8336918549622262,51,2369.277,43,2308.784,43,1.25,6,0.7571428418159485,35,3187.322069253233,15,15.280022,41,0.05526285618543625,8,0.05662991851568222,5,0.06937283277511597,16,740,33,0.6686978,5,7133,13321,0.153,39,0.126,42,0.1293697642359761,1,7320,23,0.03846919903257932,2,1352,28,0.126,31,0.133,44,76.5,16,43,32,24.9,13,14,31,0.318,3,0.318,2,800.7232357703865,51,45.30652212636001,47,251799.7596762221,7,14247.334002,30,0.02053926219056476,84,279.4998,52,0.0675
Wayne,117140,26,0.010664500142296515,26,-0.040685294984767584,95,-4968,95,37.75574713,90,0.8039001600000049,60,0.2449462182004439,6,0.24687981131457398,13,0.17791531500768312,82,0.1457644052805713,83,0.09088270445620625,13,10646,17,149752,10,-0.09430584535365448,63,415,44,-0.24682395644283123,91,0.869,25,0.799,30,0.7770559543334257,51,0.7696460707858428,45,0.264,75,7185,87,906,44,0.7179080824088748,44,49370,44,0.8496102152850677,44,4950.904,24,4947.218,24,0.6136363744735718,58,0.5940298438072205,58,1249.534003936147,85,22.856476,33,0.1271500885486603,41,0.13487054407596588,46,0.1398002803325653,76,4116,84,0.436757,45,12859,20498,0.16,57,0.13,48,0.39306788444763713,78,45963,79,0.09278101506597022,59,6146,76,0.14800000000000002,76,0.149,73,113.7,38,140,65,22.7,9,28,59,0.7675,80,0.7425,73,603.7418265585716,90,70.5979467468,30,81312.03051293892,93,9508.140976,39,0.08154908763398605,31,600.93431,18,0.0675
Wilkes,66315,42,0.006037359799696033,42,-0.020631498109640833,81,-1397,81,43.96793194,38,0.670634640000003,64,0.19362135263515043,58,0.21028768903591682,60,0.22742969162331297,37,0.1910296550094518,30,0.0529442810827113,78,3511,46,114778,21,0.07560678474369788,24,871,11,-0.06545064377682404,45,0.842,41,0.746,52,0.771514550992697,56,0.7487566514798456,54,0.284,84,3583,69,876,63,0.694136291600634,63,47495,57,0.8173432686847132,57,2459.893,41,2437.381,41,0.8123570084571838,30,0.90887850522995,22,1813.9333252220465,55,14.908718,43,0.1433546096086502,56,0.15531884133815765,64,0.1451846808195114,85,2103,63,0.3930963,63,5694,9337,0.175,88,0.149,87,0.337136190779207,62,22252,57,0.10147058823529412,72,3795,65,0.155,80,0.147,69,190,72,130,64,35.1,35,24,53,0.66,62,0.66,53,634.379929548657,88,41.87097849,53,96118.17114373589,80,6344.08765,53,0.11823860403179613,20,635.904,15,0.07
Wilson,78355,37,0.007133489061376502,37,-0.011280899443526102,74,-894,74,39.44250707,78,0.443034499999996,75,0.22151745261948821,18,0.23782003558404521,18,0.18867972688405335,76,0.15697358957210816,73,0.062089209367621724,49,4865,37,126286,18,0.027166398256144975,31,207,77,-0.25,92,0.8,59,0.753,49,0.703595874500573,83,0.7392078465671269,60,0.306,89,5358,77,1019,18,0.8074484944532488,18,48774,47,0.8393536285257017,47,3740.054,30,3780.162,30,0.270944744348526,98,0.26644736528396606,98,2039.9566156914893,46,24.544758,32,0.1677419394254684,73,0.21087704598903656,93,0.1339568942785263,73,2492,73,0.3954201,61,7356,11532,0.165,71,0.137,66,0.4108525154626028,82,32217,74,0.11046068272551922,82,4925,71,0.16,83,0.151,76,188.3,70,154,68,36.7,39,30,60,0.595,43,0.73,64,761.3823551782185,63,59.7037973813,39,104298.95276413951,72,8178.602381,46,0.03864979564140476,62,208.984405,67,0.0675
Yadkin,37511,66,0.0034150253102073124,66,0.0010674921939633317,59,40,59,43.21566265,44,0.534127380000001,68,0.19380981578736903,57,0.2186757759333885,45,0.21340406814001225,48,0.17941875050038697,44,0.05633014315800698,67,2113,70,98329,34,0.12347752565069355,18,754,18,-0.07823960880195599,48,0.807,56,0.717,66,0.7565656565656566,65,0.7247325769854133,70,0.17600000000000002,32,1308,35,855,75,0.6774960380348652,75,47455,58,0.816654907157239,58,938.147,70,940.218,70,1.157024741172791,13,0.7448979616165161,37,1652.2264759218215,63,8.2,63,0.1428571492433548,53,0.1458650380373001,55,0.07425681501626968,20,602,29,0.38991,64,3161,4545,0.156,46,0.131,50,0.3048291352478742,43,11400,38,0.07721846951050246,28,1669,32,0.146,74,0.154,79,185.8,67,70,47,50.4,71,19,38,0.65,58,0.65,48,703.1132032996417,73,26.295027577,71,108171.26204609872,68,4045.388858,68,0.14461628346313224,12,511.795439,21,0.0675
Yancey,18606,83,0.0016939020799690025,83,0.04787114214913269,50,850,50,45.78504673,24,-0.3944404500000047,83,0.17773836396861228,73,0.18911917098445596,80,0.25728259701171663,20,0.23011939626041902,13,0.04987638396216274,86,928,88,21341,90,-0.30764988320788994,93,288,59,-0.21951219512195122,85,0.794,65,0.703,72,0.7587479323069093,61,0.7282290279627164,67,0.214,52,702,16,844,82,0.6687797147385103,82,42006,91,0.7228828580770621,91,401.43,87,413.931,87,0.3333333432674408,91,0.44897958636283875,80,,,,,0.05545617267489433,10,0.05538461357355118,3,0.07029831409454346,17,271,10,0.4373541,44,1686,3090,0.16699999999999998,74,0.136,64,0.30891410048622364,46,5718,17,0.09411764705882353,62,960,17,0.14300000000000002,69,0.147,69,94.1,27,17,17,22.1,8,4,7,0.52,26,0.6,37,813.536686871961,50,15.058564074,82,135589.4478119935,49,2509.760679,80,0.07628296845175776,33,169.286977,80,0.0675
,,,,,,,,,,,,,,,,,,,,,,,,,,,,,,,,,,,,,,,,,,,,,,,,,,,,,,,,,,,,,,,,,,,,,,,,,,,,,,,,,,,,,,,,,,,,,,,,,,,,,,,,,,,,,,,,,,,,,
Statewide ,10.98 Million                  100%,,1,,0.11153718725921902,,1.1 Million,,39.9 Years,,1.8 Years,,0.2073020781117735,,0.22953395832747245,,0.18148413717056264,,0.14596252990060823,,0.061356563747655024,,"674,00 Veterans",,8.1 Million Acres,,-0.0358680043774276,,"42,817 Farms",,-0.0775776638373045,,0.87,,0.807,,0.8335755445733639,,0.8145950479664263,,0.17300000000000001,,390000,,"$1,262/Week",,1,,58109,,1,,$609 Billion,,$597 Billion,,0.53,,0.51,,"$2,678/ADM",,$3.8 Billion,,0.1092884764075279,,0.120999999344349,,0.08383769541978836,,"235,000 Residents",,0.574,,1.5 Million,2 Million,0.14,,0.118,,0.29027130903225684,,3.1 Million,,0.077,,499000,,0.125,,0.127,,161.4,,16932,,41.4,,4339,,FY 2023-24* Weighted Avg.: 0.5778/$100,,,,902,,$9.8 Billion,,156028.20443811,,$1.69 Trillion,,0.026470254329740116,,$38.0 Billion,,
